Workbook

Sheet Updation Date
A12: Region | B12: Updated On DATE
A13: DELHI | B13: 45484
A14: MUMBAI | B14: 45468
A15: KOLKATTA
A16: CHENNAI | B16: 45814
A17: BANGALORE | B17: 44866
A18: HYDERABAD
AO139: received

Sheet Total summary
A1: Shed | B1: ='Bangalore Summary'!B3 -> Total Panel | C1: ='Bangalore Summary'!C3 -> Software version in Conv | D1: ='Bangalore Summary'!D3 -> Count of Software version of display | E1: ='Bangalore Summary'!E3 -> Removal of metal short link from M9000 with wire | F1: ='Bangalore Summary'!F3 -> Replacement of 10 amp fuse with 20 amp | G1: ='Bangalore Summary'!G3 -> Shifting of wires on O/P contactor | H1: ='Bangalore Summary'!H3 -> External earth fault wire | I1: ='Bangalore Summary'!I3 -> Shifting of wire of output voltage available lamp | ... U1: ='Bangalore Summary'!U3 -> Count of Steel mesh on cyclonic filter on looc wall | V1: Region
A2: ='Bangalore Summary'!A4 -> Krishnarajipuram | B2: ='Bangalore Summary'!B4 -> 72 | C2: ='Bangalore Summary'!C4 -> 32 | D2: ='Bangalore Summary'!D4 -> 60 | E2: ='Bangalore Summary'!E4 -> 72 | F2: ='Bangalore Summary'!F4 -> 72 | G2: ='Bangalore Summary'!G4 -> 72 | H2: ='Bangalore Summary'!H4 -> 72 | ... U2: ='Bangalore Summary'!U4 -> 46 | V2: BAN
A3: ='Chennai Summary'!A4 -> Erode | B3: ='Chennai Summary'!B4 -> 100 | C3: ='Chennai Summary'!C4 -> 96 | D3: ='Chennai Summary'!D4 -> 98 | E3: ='Chennai Summary'!E4 -> 70 | F3: ='Chennai Summary'!F4 -> 98 | G3: ='Chennai Summary'!G4 -> 54 | H3: ='Chennai Summary'!H4 -> 98 | ... U3: ='Chennai Summary'!U4 -> 84 | V3: CHE
A4: ='Chennai Summary'!A5 -> Raipuram | B4: ='Chennai Summary'!B5 -> 130 | C4: ='Chennai Summary'!C5 -> 100 | D4: ='Chennai Summary'!D5 -> 106 | E4: ='Chennai Summary'!E5 -> 93 | F4: ='Chennai Summary'!F5 -> 130 | G4: ='Chennai Summary'!G5 -> 68 | H4: ='Chennai Summary'!H5 -> 130 | ... U4: ='Chennai Summary'!U5 -> 102 | V4: CHE
A5: ='Hyderabad Summary'!A4 -> BZA | B5: ='Hyderabad Summary'!B4 -> 44 | C5: ='Hyderabad Summary'!C4 -> 17 | D5: ='Hyderabad Summary'!D4 -> 17 | E5: ='Hyderabad Summary'!E4 -> 32 | F5: ='Hyderabad Summary'!F4 -> 32 | G5: ='Hyderabad Summary'!G4 -> 0 | H5: ='Hyderabad Summary'!H4 -> 32 | ... U5: ='Hyderabad Summary'!U4 -> 32 | V5: HYD
A6: ='Hyderabad Summary'!A5 -> Lallaguda | B6: ='Hyderabad Summary'!B5 -> 128 | C6: ='Hyderabad Summary'!C5 -> 33 | D6: ='Hyderabad Summary'!D5 -> 33 | E6: ='Hyderabad Summary'!E5 -> 64 | F6: ='Hyderabad Summary'!F5 -> 64 | G6: ='Hyderabad Summary'!G5 -> 3 | H6: ='Hyderabad Summary'!H5 -> 64 | ... U6: ='Hyderabad Summary'!U5 -> 84 | V6: HYD
A7: ='Delhi Summary'!A4 -> BGKT | B7: ='Delhi Summary'!B4 -> 18 | C7: ='Delhi Summary'!C4 -> 2 | D7: ='Delhi Summary'!D4 -> 2 | E7: ='Delhi Summary'!E4 -> 0 | F7: ='Delhi Summary'!F4 -> 14 | G7: ='Delhi Summary'!G4 -> 16 | H7: ='Delhi Summary'!H4 -> 10 | ... U7: ='Delhi Summary'!U4 -> 2 | V7: DEL
A8: ='Delhi Summary'!A5 -> ELS GKP | B8: ='Delhi Summary'!B5 -> 12 | C8: ='Delhi Summary'!C5 -> 8 | D8: ='Delhi Summary'!D5 -> 10 | E8: ='Delhi Summary'!E5 -> 10 | F8: ='Delhi Summary'!F5 -> 12 | G8: ='Delhi Summary'!G5 -> 2 | H8: ='Delhi Summary'!H5 -> 10 | ... U8: ='Delhi Summary'!U5 -> 12 | V8: DEL
A9: ='Delhi Summary'!A6 -> Gaziabad | B9: ='Delhi Summary'!B6 -> 103 | C9: ='Delhi Summary'!C6 -> 77 | D9: ='Delhi Summary'!D6 -> 77 | E9: ='Delhi Summary'!E6 -> 48 | F9: ='Delhi Summary'!F6 -> 92 | G9: ='Delhi Summary'!G6 -> 77 | H9: ='Delhi Summary'!H6 -> 79 | ... U9: ='Delhi Summary'!U6 -> 88 | V9: DEL
A10: ='Delhi Summary'!A7 -> Ghaziabad | B10: ='Delhi Summary'!B7 -> 2 | C10: ='Delhi Summary'!C7 -> 0 | D10: ='Delhi Summary'!D7 -> 0 | E10: ='Delhi Summary'!E7 -> 2 | F10: ='Delhi Summary'!F7 -> 2 | G10: ='Delhi Summary'!G7 -> 2 | H10: ='Delhi Summary'!H7 -> 2 | ... U10: ='Delhi Summary'!U7 -> 2 | V10: DEL
A11: ='Delhi Summary'!A8 -> Gonda | B11: ='Delhi Summary'!B8 -> 18 | C11: ='Delhi Summary'!C8 -> 4 | D11: ='Delhi Summary'!D8 -> 6 | E11: ='Delhi Summary'!E8 -> 6 | F11: ='Delhi Summary'!F8 -> 18 | G11: ='Delhi Summary'!G8 -> 0 | H11: ='Delhi Summary'!H8 -> 16 | ... U11: ='Delhi Summary'!U8 -> 18 | V11: DEL
A12: ='Delhi Summary'!A9 -> Kanpur | B12: ='Delhi Summary'!B9 -> 78 | C12: ='Delhi Summary'!C9 -> 62 | D12: ='Delhi Summary'!D9 -> 56 | E12: ='Delhi Summary'!E9 -> 29 | F12: ='Delhi Summary'!F9 -> 78 | G12: ='Delhi Summary'!G9 -> 78 | H12: ='Delhi Summary'!H9 -> 78 | ... U12: ='Delhi Summary'!U9 -> 78 | V12: DEL
A13: ='Delhi Summary'!A10 -> LUDHIANA | B13: ='Delhi Summary'!B10 -> 18 | C13: ='Delhi Summary'!C10 -> 6 | D13: ='Delhi Summary'!D10 -> 4 | E13: ='Delhi Summary'!E10 -> 2 | F13: ='Delhi Summary'!F10 -> 4 | G13: ='Delhi Summary'!G10 -> 8 | H13: ='Delhi Summary'!H10 -> 8 | ... U13: ='Delhi Summary'!U10 -> 18 | V13: DEL
A14: ='Delhi Summary'!A11 -> TKD | B14: ='Delhi Summary'!B11 -> 17 | C14: ='Delhi Summary'!C11 -> 2 | D14: ='Delhi Summary'!D11 -> 2 | E14: ='Delhi Summary'!E11 -> 33 | F14: ='Delhi Summary'!F11 -> 33 | G14: ='Delhi Summary'!G11 -> 33 | H14: ='Delhi Summary'!H11 -> 33 | ... U14: ='Delhi Summary'!U11 -> 0 | V14: DEL
A15: ='Kolkata Summary'!A4 -> Bandamunda | B15: ='Kolkata Summary'!B4 -> 12 | C15: ='Kolkata Summary'!C4 -> 0 | D15: ='Kolkata Summary'!D4 -> 8 | E15: ='Kolkata Summary'!E4 -> 12 | F15: ='Kolkata Summary'!F4 -> 12 | G15: ='Kolkata Summary'!G4 -> 12 | H15: ='Kolkata Summary'!H4 -> 12 | ... U15: ='Kolkata Summary'!U4 -> 8 | V15: KOL
A16: ='Kolkata Summary'!A5 -> Bhilai | B16: ='Kolkata Summary'!B5 -> 20 | C16: ='Kolkata Summary'!C5 -> 6 | D16: ='Kolkata Summary'!D5 -> 6 | E16: ='Kolkata Summary'!E5 -> 20 | F16: ='Kolkata Summary'!F5 -> 20 | G16: ='Kolkata Summary'!G5 -> 20 | H16: ='Kolkata Summary'!H5 -> 20 | ... U16: ='Kolkata Summary'!U5 -> 18 | V16: KOL
A17: ='Kolkata Summary'!A6 -> BJU | B17: ='Kolkata Summary'!B6 -> 6 | C17: ='Kolkata Summary'!C6 -> 4 | D17: ='Kolkata Summary'!D6 -> 4 | E17: ='Kolkata Summary'!E6 -> 6 | F17: ='Kolkata Summary'!F6 -> 6 | G17: ='Kolkata Summary'!G6 -> 6 | H17: ='Kolkata Summary'!H6 -> 6 | ... U17: ='Kolkata Summary'!U6 -> 4 | V17: KOL
A18: ='Kolkata Summary'!A7 -> Gomoh | B18: ='Kolkata Summary'!B7 -> 40 | C18: ='Kolkata Summary'!C7 -> 32 | D18: ='Kolkata Summary'!D7 -> 31 | E18: ='Kolkata Summary'!E7 -> 40 | F18: ='Kolkata Summary'!F7 -> 40 | G18: ='Kolkata Summary'!G7 -> 40 | H18: ='Kolkata Summary'!H7 -> 40 | ... U18: ='Kolkata Summary'!U7 -> 40 | V18: KOL
A19: ='Kolkata Summary'!A8 -> HWH | B19: ='Kolkata Summary'!B8 -> 74 | C19: ='Kolkata Summary'!C8 -> 70 | D19: ='Kolkata Summary'!D8 -> 70 | E19: ='Kolkata Summary'!E8 -> 74 | F19: ='Kolkata Summary'!F8 -> 74 | G19: ='Kolkata Summary'!G8 -> 74 | H19: ='Kolkata Summary'!H8 -> 74 | ... U19: ='Kolkata Summary'!U8 -> 64 | V19: KOL
A20: ='Kolkata Summary'!A9 -> SDAH | B20: ='Kolkata Summary'!B9 -> 26 | C20: ='Kolkata Summary'!C9 -> 16 | D20: ='Kolkata Summary'!D9 -> 16 | E20: ='Kolkata Summary'!E9 -> 24 | F20: ='Kolkata Summary'!F9 -> 24 | G20: ='Kolkata Summary'!G9 -> 24 | H20: ='Kolkata Summary'!H9 -> 26 | ... U20: ='Kolkata Summary'!U9 -> 8 | V20: KOL
A21: ='Kolkata Summary'!A10 -> SGUJ | B21: ='Kolkata Summary'!B10 -> 2 | C21: ='Kolkata Summary'!C10 -> 0 | D21: ='Kolkata Summary'!D10 -> 0 | E21: ='Kolkata Summary'!E10 -> 2 | F21: ='Kolkata Summary'!F10 -> 2 | G21: ='Kolkata Summary'!G10 -> 2 | H21: ='Kolkata Summary'!H10 -> 2 | ... U21: ='Kolkata Summary'!U10 -> 2 | V21: KOL
A22: ='Kolkata Summary'!A11 -> SPJ | B22: ='Kolkata Summary'!B11 -> 70 | C22: ='Kolkata Summary'!C11 -> 50 | D22: ='Kolkata Summary'!D11 -> 52 | E22: ='Kolkata Summary'!E11 -> 70 | F22: ='Kolkata Summary'!F11 -> 70 | G22: ='Kolkata Summary'!G11 -> 68 | H22: ='Kolkata Summary'!H11 -> 70 | ... U22: ='Kolkata Summary'!U11 -> 66 | V22: KOL
A23: ='Kolkata Summary'!A12 -> SRC | B23: ='Kolkata Summary'!B12 -> 16 | C23: ='Kolkata Summary'!C12 -> 10 | D23: ='Kolkata Summary'!D12 -> 8 | E23: ='Kolkata Summary'!E12 -> 16 | F23: ='Kolkata Summary'!F12 -> 16 | G23: ='Kolkata Summary'!G12 -> 16 | H23: ='Kolkata Summary'!H12 -> 16 | ... U23: ='Kolkata Summary'!U12 -> 16 | V23: KOL
A24: ='Kolkata Summary'!A13 -> Tata | B24: ='Kolkata Summary'!B13 -> 60 | C24: ='Kolkata Summary'!C13 -> 36 | D24: ='Kolkata Summary'!D13 -> 47 | E24: ='Kolkata Summary'!E13 -> 60 | F24: ='Kolkata Summary'!F13 -> 60 | G24: ='Kolkata Summary'!G13 -> 60 | H24: ='Kolkata Summary'!H13 -> 60 | ... U24: ='Kolkata Summary'!U13 -> 52 | V24: KOL
A25: ='Kolkata Summary'!A14 -> Waltier | B25: ='Kolkata Summary'!B14 -> 72 | C25: ='Kolkata Summary'!C14 -> 66 | D25: ='Kolkata Summary'!D14 -> 60 | E25: ='Kolkata Summary'!E14 -> 72 | F25: ='Kolkata Summary'!F14 -> 72 | G25: ='Kolkata Summary'!G14 -> 72 | H25: ='Kolkata Summary'!H14 -> 72 | ... U25: ='Kolkata Summary'!U14 -> 68 | V25: KOL
A26: ='Mumbai Summary'!A4 -> AJNI | B26: ='Mumbai Summary'!B4 -> 54 | C26: ='Mumbai Summary'!C4 -> 27 | D26: ='Mumbai Summary'!D4 -> 34 | E26: ='Mumbai Summary'!E4 -> 51 | F26: ='Mumbai Summary'!F4 -> 54 | G26: ='Mumbai Summary'!G4 -> 28 | H26: ='Mumbai Summary'!H4 -> 54 | ... U26: ='Mumbai Summary'!U4 -> 54 | V26: MUM
A27: ='Mumbai Summary'!A5 -> Itarsi | B27: ='Mumbai Summary'!B5 -> 92 | C27: ='Mumbai Summary'!C5 -> 51 | D27: ='Mumbai Summary'!D5 -> 52 | E27: ='Mumbai Summary'!E5 -> 16 | F27: ='Mumbai Summary'!F5 -> 54 | G27: ='Mumbai Summary'!G5 -> 20 | H27: ='Mumbai Summary'!H5 -> 40 | ... U27: ='Mumbai Summary'!U5 -> 78 | V27: MUM
A28: ='Mumbai Summary'!A6 -> Kalyan | B28: ='Mumbai Summary'!B6 -> 90 | C28: ='Mumbai Summary'!C6 -> 72 | D28: ='Mumbai Summary'!D6 -> 74 | E28: ='Mumbai Summary'!E6 -> 68 | F28: ='Mumbai Summary'!F6 -> 90 | G28: ='Mumbai Summary'!G6 -> 67 | H28: ='Mumbai Summary'!H6 -> 90 | ... U28: ='Mumbai Summary'!U6 -> 71 | V28: MUM
A29: ='Mumbai Summary'!A7 -> Pune | B29: ='Mumbai Summary'!B7 -> 36 | C29: ='Mumbai Summary'!C7 -> 30 | D29: ='Mumbai Summary'!D7 -> 30 | E29: ='Mumbai Summary'!E7 -> 25 | F29: ='Mumbai Summary'!F7 -> 36 | G29: ='Mumbai Summary'!G7 -> 22 | H29: ='Mumbai Summary'!H7 -> 36 | ... U29: ='Mumbai Summary'!U7 -> 20 | V29: MUM
A30: ='Mumbai Summary'!A8 -> Vadodara | B30: ='Mumbai Summary'!B8 -> 120 | C30: ='Mumbai Summary'!C8 -> 66 | D30: ='Mumbai Summary'!D8 -> 120 | E30: ='Mumbai Summary'!E8 -> 118 | F30: ='Mumbai Summary'!F8 -> 116 | G30: ='Mumbai Summary'!G8 -> 24 | H30: ='Mumbai Summary'!H8 -> 24 | ... U30: ='Mumbai Summary'!U8 -> 120 | V30: MUM
A31: ='Mumbai Summary'!A9 -> Valsad | B31: ='Mumbai Summary'!B9 -> 28 | C31: ='Mumbai Summary'!C9 -> 24 | D31: ='Mumbai Summary'!D9 -> 28 | E31: ='Mumbai Summary'!E9 -> 26 | F31: ='Mumbai Summary'!F9 -> 27 | G31: ='Mumbai Summary'!G9 -> 11 | H31: ='Mumbai Summary'!H9 -> 19 | ... U31: ='Mumbai Summary'!U9 -> 28 | V31: MUM
A32: Grand total | B32: =SUM(B2:B31) -> 1558 | C32: =SUM(C2:C31) -> 999 | D32: =SUM(D2:D31) -> 1111 | E32: =SUM(E2:E31) -> 1161 | F32: =SUM(F2:F31) -> 1422 | G32: =SUM(G2:G31) -> 979 | H32: =SUM(H2:H31) -> 1293 | I32: =SUM(I2:I31) -> 1157 | ... U32: =SUM(U2:U31) -> 1283

Sheet Detail1
A1: Details for Removal of metal short link from M9000 with wire - Base Shed: Raipuram
A3: S.No. | B3: Loco no. | C3: HLC | D3: Serial no. of HLC | E3: Base Shed | F3: Railway | G3: Region | H3: DOC | I3: serial no. | J3: Type of Text display | K3: Software version in Conv | L3: Software version in Conv (Master) U7D2S04V.005 (Module) U7F2S240.005 *DATE* | M3: Software version of display | N3: Software version (UAT2Y44O.012) of display updation *DATE* | O3: Filter clean *DATE* | P3: Filter Change *DATE* | Q3: Removal of metal shortlink from M9000 with wire | R3: Replacement of 10 amp fuse with 20amp | S3: Shifting of wires on O/P contactor | T3: External earth fault wire modification | U3: Shifting of wires of output voltage available lamp | V3: Sealing of cable entry of panel | W3: Sealing of main fan plate (On which DC-DC converter installed) | X3: Mounting of 110 volt DC fan on PWR | Y3: Air leakage status in duct at the back of the converter | Z3: FG block removal from bottom of input choke | AA3: Surge arrestor fitment | AB3: Input choke change (mention sr.no. of new choke_ | AC3: O/P choke change (mention sr.no. of new choke_ | AD3: Control fuse 6.5amp to 15amp (Glass fuse) | AE3: Display button | AF3: DC link bus bar supporter | AG3: Software version in Conv (171022) (Master) W812N04V.005 (Module) W812N240.005 *DATE* | AH3: New Software version (UAT2Y44O.012) of display updation *DATE* | AI3: Sine Filter Capacitor washer fitment and tightness of connection *DATE* | AJ3: ELR setting to check (1amp /10 sec) | AK3: Heat Sink Cleaning *Date*
A4: 96 | B4: 37143 | C4: HLC-B | D4: STB2L0412HLCD | E4: Raipuram | F4: SR | G4: CHE | H4: 43571 | I4: 412 | J4: Nashik | K4: M-U7D2S04V.005, MO-U7F2S240.005 | L4: 44180 | M4: UAT2Y440.012 | N4: 44180 | O4: 45148 | Q4: Con-B done | R4: Conv-B DONE | T4: Conv-B DONE | U4: Conv-B DONE | Y4: Conv-B DONE | Z4: Conv-B DONE | AD4: Conv-B DONE | AI4: 45215 | AJ4: Done
A5: 77 | B5: 30482 | C5: HLC-A | D5: STB8F0022HLDA | E5: Raipuram | F5: SR | G5: CHE | H5: 42570 | I5: 22 | J5: Imported | K5: M-U7D2S04V.005, MO-U7F2S240.005 | L5: Done | M5: L3I2ZY72.008 | N5: Done | O5: 45056 | P5: 44699 | Q5: Conv-A DONE | R5: Conv-A DONE | T5: Conv-A DONE | Y5: Conv-A DONE | Z5: Conv-A DONE | AD5: Conv-A DONE | AJ5: Done
A6: 79 | B6: 30528 | C6: HLC-A | D6: STB7H0068HLCC | E6: Raipuram | F6: SR | G6: CHE | H6: 42849 | I6: 68 | J6: Imported | K6: M-U7D2S04V.005, MO-U7F2S240.005 | L6: 44265 | M6: UAT2Y440.012 | N6: 44265 | O6: 45071 | P6: 44700 | Q6: Conv-A DONE | R6: Conv-A DONE | T6: Conv-A DONE | Y6: Conv-A DONE | Z6: Conv-A DONE | AD6: Conv-A DONE | AI6: 45166 | AJ6: Done
A7: 85 | B7: 30615 | C7: HLC-A | D7: STB8J0137HLCD | E7: Raipuram | F7: SR | G7: CHE | H7: 43071 | I7: 137 | J7: Nashik | K7: M-U7D2S04V.005, MO-U7F2S240.005 | L7: 44185 | M7: UAT2Y440.012 | N7: 44185 | Q7: Conv-A DONE | R7: Conv-A DONE | S7: Conv-A DONE | T7: Conv-A DONE | U7: Conv-A DONE | Z7: Conv-A DONE | AD7: Conv-A DONE | AF7: Conv-A DONE
A8: 78 | B8: 30482 | C8: HLC-B | D8: STB8F0046HLDA | E8: Raipuram | F8: SR | G8: CHE | H8: 42570 | I8: 46 | J8: Imported | K8: M-U7D2S04V.005, MO-U7F2S240.005 | L8: Done | M8: L3I2ZY72.008 | N8: Done | O8: 45056 | P8: 44699 | Q8: Conv-B DONE | R8: Conv-B DONE | T8: Conv-B DONE | Y8: Conv-B DONE | Z8: Conv-B DONE | AD8: Conv-B DONE | AJ8: Done
A9: 80 | B9: 30528 | C9: HLC-B | D9: STB7H0071HLCC | E9: Raipuram | F9: SR | G9: CHE | H9: 42849 | I9: 71 | J9: Imported | K9: M-U7D2S04V.005, MO-U7F2S240.005 | L9: 44265 | M9: UAT2Y440.012 | N9: 44265 | O9: 45071 | P9: 44700 | Q9: Conv-B DONE | R9: Conv-B DONE | T9: Conv-B DONE | Y9: Conv-B DONE | Z9: Conv-B DONE | AD9: Conv-B DONE | AI9: 45166 | AJ9: Done
A10: 86 | B10: 30615 | C10: HLC-B | D10: STB9J0157HLCD | E10: Raipuram | F10: SR | G10: CHE | H10: 43071 | I10: 157 | J10: Nashik | K10: M-U7D2S04V.005, MO-U7F2S240.005 | L10: 44185 | M10: UAT2Y440.012 | N10: 44185 | Q10: Conv-B DONE | R10: Conv-B DONE | S10: Conv-B DONE | T10: Conv-B DONE | U10: Conv-B DONE | Z10: Conv-B DONE | AD10: Conv-B DONE | AF10: Conv-B DONE
B11: 30390 | C11: HLC-B | D11: STBDP1384HLCD | E11: Raipuram | F11: SR | G11: CHE | H11: 45216 | I11: 1384 | J11: Nashik | Q11: Done by NW | R11: Done by NW | S11: Done by NW | T11: Done by NW | U11: Done by NW | X11: Done by NW | AD11: Done by NW | AF11: Done by NW | AJ11: Done
A12: 194 | B12: 30390 | C12: HLC-A | D12: STBDP1387HLCD | E12: Raipuram | F12: SR | G12: CHE | H12: 45216 | I12: 1387 | J12: Nashik | Q12: Done by NW | R12: Done by NW | S12: Done by NW | T12: Done by NW | U12: Done by NW | X12: Done by NW | AD12: Done by NW | AF12: Done by NW | AJ12: Done
B13: 30419 | C13: HLC-B | D13: STB9P1346HLCD | E13: Raipuram | F13: SR | G13: CHE | H13: 45192 | I13: 1346 | J13: Nashik | Q13: Done by NW | R13: Done by NW | S13: Done by NW | T13: Done by NW | U13: Done by NW | X13: Done by NW | AD13: Done by NW | AF13: Done by NW | AI13: 45192 | AJ13: Done
A14: 193 | B14: 30419 | C14: HLC-A | D14: STB9P1357HLCD | E14: Raipuram | F14: SR | G14: CHE | H14: 45192 | I14: 1357 | J14: Nashik | Q14: Done by NW | R14: Done by NW | S14: Done by NW | T14: Done by NW | U14: Done by NW | X14: Done by NW | AD14: Done by NW | AF14: Done by NW | AI14: 45192 | AJ14: Done
B15: 30409 | C15: HLC-B | D15: STBDN1183HLCD | E15: Raipuram | F15: SR | G15: CHE | H15: 45177 | I15: 1183 | J15: Nashik | Q15: Done by NW | R15: Done by NW | S15: Done by NW | T15: Done by NW | U15: Done by NW | X15: Done by NW | AD15: Done by NW | AF15: Done by NW | AI15: 45177 | AJ15: Done
A16: 192 | B16: 30409 | C16: HLC-A | D16: STB9P1348HLCD | E16: Raipuram | F16: SR | G16: CHE | H16: 45177 | I16: 1348 | J16: Nashik | Q16: Done by NW | R16: Done by NW | S16: Done by NW | T16: Done by NW | U16: Done by NW | X16: Done by NW | AD16: Done by NW | AF16: Done by NW | AI16: 45177 | AJ16: Done
B17: 30424 | C17: HLC-B | D17: STBDP1339HLCD | E17: Raipuram | F17: SR | G17: CHE | H17: 45163 | I17: 1339 | J17: Nashik | M17: Done by NW | N17: Done by NW | Q17: Done by NW | R17: Done by NW | S17: Done by NW | T17: Done by NW | U17: Done by NW | X17: Done by NW | Z17: Done by NW | AD17: Done by NW | AF17: Done by NW | AI17: 45162 | AJ17: Done
A18: 190 | B18: 30424 | C18: HLC-A | D18: STBDP1338HLCD | E18: Raipuram | F18: SR | G18: CHE | H18: 45163 | I18: 1338 | J18: Nashik | M18: Done by NW | N18: Done by NW | Q18: Done by NW | R18: Done by NW | S18: Done by NW | T18: Done by NW | U18: Done by NW | X18: Done by NW | Z18: Done by NW | AD18: Done by NW | AF18: Done by NW | AI18: 45162 | AJ18: Done
B19: 30342 | C19: HLC-B | D19: STBDP1389HLCD | E19: Raipuram | F19: SR | G19: CHE | H19: 45125 | I19: 1389 | J19: Nashik | M19: Done by NW | N19: Done by NW | Q19: Done by NW | R19: Done by NW | S19: Done by NW | T19: Done by NW | U19: Done by NW | X19: Done by NW | Z19: Done by NW | AD19: Done by NW | AF19: Done by NW | AI19: 45197 | AJ19: Done
A20: 189 | B20: 30342 | C20: HLC-A | D20: STBDP1385HLCD | E20: Raipuram | F20: SR | G20: CHE | H20: 45125 | I20: 1385 | J20: Nashik | M20: Done by NW | N20: Done by NW | Q20: Done by NW | R20: Done by NW | S20: Done by NW | T20: Done by NW | U20: Done by NW | X20: Done by NW | Z20: Done by NW | AD20: Done by NW | AF20: Done by NW | AI20: 45197 | AJ20: Done
B21: 30393 | C21: HLC-B | D21: STB9P1354HLCD | E21: Raipuram | F21: SR | G21: CHE | H21: 45110 | I21: 1354 | J21: Nashik | M21: Done by NW | N21: Done by NW | Q21: Done by NW | R21: Done by NW | S21: Done by NW | T21: Done by NW | U21: Done by NW | X21: Done by NW | Z21: Done by NW | AD21: Done by NW | AF21: Done by NW | AG21: 45218 | AJ21: Done
A22: 188 | B22: 30393 | C22: HLC-A | D22: STB9P1359HLCD | E22: Raipuram | F22: SR | G22: CHE | H22: 45110 | I22: 1359 | J22: Nashik | M22: Done by NW | N22: Done by NW | Q22: Done by NW | R22: Done by NW | S22: Done by NW | T22: Done by NW | U22: Done by NW | X22: Done by NW | Z22: Done by NW | AD22: Done by NW | AF22: Done by NW | AG22: 45218 | AJ22: Done
B23: 30392 | C23: HLC-B | D23: STBDN1180HLCD | E23: Raipuram | F23: SR | G23: CHE | H23: 45110 | I23: 1180 | J23: Nashik | M23: Done by NW | N23: Done by NW | Q23: Done by NW | R23: Done by NW | S23: Done by NW | T23: Done by NW | U23: Done by NW | X23: Done by NW | Z23: Done by NW | AD23: Done by NW | AF23: Done by NW | AI23: 45204 | AJ23: Done
A24: 187 | B24: 30392 | C24: HLC-A | D24: STBOP1361HLCD | E24: Raipuram | F24: SR | G24: CHE | H24: 45110 | I24: 1361 | J24: Nashik | M24: Done by NW | N24: Done by NW | Q24: Done by NW | R24: Done by NW | S24: Done by NW | T24: Done by NW | U24: Done by NW | X24: Done by NW | Z24: Done by NW | AD24: Done by NW | AF24: Done by NW | AI24: 45204 | AJ24: Done
B25: 30411 | C25: HLC-B | D25: STBDN1181HLCD | E25: Raipuram | F25: SR | G25: CHE | H25: 45085 | I25: 1181 | J25: Nashik | M25: Done by NW | N25: Done by NW | Q25: Done by NW | R25: Done by NW | S25: Done by NW | T25: Done by NW | U25: Done by NW | X25: Done by NW | Z25: Done by NW | AD25: Done by NW | AF25: Done by NW | AI25: NA | AJ25: Done
A26: 186 | B26: 30411 | C26: HLC-A | D26: STB9P1351HLCD | E26: Raipuram | F26: SR | G26: CHE | H26: 45085 | I26: 1351 | J26: Nashik | M26: Done by NW | N26: Done by NW | Q26: Done by NW | R26: Done by NW | S26: Done by NW | T26: Done by NW | U26: Done by NW | X26: Done by NW | Z26: Done by NW | AD26: Done by NW | AF26: Done by NW | AI26: NA | AJ26: Done
B27: 30378 | C27: HLC-B | D27: STBDP1382HLCD | E27: Raipuram | F27: SR | G27: CHE | H27: 45058 | I27: 1382 | J27: Nashik | M27: Done by NW | N27: Done by NW | Q27: Done by NW | R27: Done by NW | S27: Done by NW | T27: Done by NW | U27: Done by NW | X27: Done by NW | Z27: Done by NW | AD27: Done by NW | AF27: Done by NW | AJ27: Done
A28: 185 | B28: 30378 | C28: HLC-A | D28: STBDP1380HLCD | E28: Raipuram | F28: SR | G28: CHE | H28: 45058 | I28: 1380 | J28: Nashik | M28: Done by NW | N28: Done by NW | Q28: Done by NW | R28: Done by NW | S28: Done by NW | T28: Done by NW | U28: Done by NW | X28: Done by NW | Z28: Done by NW | AD28: Done by NW | AF28: Done by NW | AJ28: Done
B29: 39240 | C29: HLC-B | D29: STB3P1259HLCD | E29: Raipuram | F29: SR | G29: CHE | H29: 45040 | I29: 1259 | J29: Nashik | M29: Done by NW | N29: Done by NW | Q29: Done by NW | R29: Done by NW | S29: Done by NW | T29: Done by NW | U29: Done by NW | X29: Done by NW | Z29: Done by NW | AD29: Done by NW | AF29: Done by NW | AI29: 45195 | AJ29: Done
A30: 184 | B30: 39240 | C30: HLC-A | D30: STB3P1265HLCD | E30: Raipuram | F30: SR | G30: CHE | H30: 45040 | I30: 1265 | J30: Nashik | M30: Done by NW | N30: Done by NW | Q30: Done by NW | R30: Done by NW | S30: Done by NW | T30: Done by NW | U30: Done by NW | X30: Done by NW | Z30: Done by NW | AD30: Done by NW | AF30: Done by NW | AI30: 45195 | AJ30: Done
B31: 37600 | C31: HLC-B | D31: STB4P1301HLCD | E31: Raipuram | F31: SR | G31: CHE | H31: 45016 | I31: 1301 | J31: Nashik | Q31: Done by NW | R31: Done by NW | S31: Done by NW | T31: Done by NW | U31: Done by NW | X31: Done by NW | Z31: Done by NW | AD31: Done by NW | AF31: Done by NW | AJ31: Done
A32: 183 | B32: 37600 | C32: HLC-A | D32: STB4P1295HLCD | E32: Raipuram | F32: SR | G32: CHE | H32: 45016 | I32: 1295 | J32: Nashik | Q32: Done by NW | R32: Done by NW | S32: Done by NW | T32: Done by NW | U32: Done by NW | X32: Done by NW | Z32: Done by NW | AD32: Done by NW | AF32: Done by NW | AJ32: Done
B33: 39237 | C33: HLC-B | D33: STB3P1255HLCD | E33: Raipuram | F33: SR | G33: CHE | H33: 45008 | I33: 1255 | J33: Nashik | Q33: Done by NW | R33: Done by NW | S33: Done by NW | T33: Done by NW | U33: Done by NW | X33: Done by NW | Z33: Done by NW | AD33: Done by NW | AF33: Done by NW | AJ33: Done
A34: 182 | B34: 39237 | C34: HLC-A | D34: STB3P1258HLCD | E34: Raipuram | F34: SR | G34: CHE | H34: 45008 | I34: 1258 | J34: Nashik | Q34: Done by NW | R34: Done by NW | S34: Done by NW | T34: Done by NW | U34: Done by NW | X34: Done by NW | Z34: Done by NW | AD34: Done by NW | AF34: Done by NW | AJ34: Done
B35: 30367 | C35: HLC-B | D35: STBDP1386HLCD | E35: Raipuram | F35: SR | G35: CHE | H35: 45005 | I35: 1386 | J35: Nashik | Q35: Done by NW | R35: Done by NW | S35: Done by NW | T35: Done by NW | U35: Done by NW | X35: Done by NW | Z35: Done by NW | AD35: Done by NW | AF35: Done by NW | AI35: 45196 | AJ35: Done
A36: 181 | B36: 30367 | C36: HLC-A | D36: STBDP1388HLCD | E36: Raipuram | F36: SR | G36: CHE | H36: 45005 | I36: 1388 | J36: Nashik | Q36: Done by NW | R36: Done by NW | S36: Done by NW | T36: Done by NW | U36: Done by NW | X36: Done by NW | Z36: Done by NW | AD36: Done by NW | AF36: Done by NW | AI36: 45196 | AJ36: Done
A37: 180 | B37: 30421 | C37: HLC-B | D37: STBDP1390HLCD | E37: Raipuram | F37: SR | G37: CHE | H37: 44993 | I37: 1390 | J37: Nashik | K37: M-U7D2S04V.005, MO-U7F2S240.005 | L37: Done by NW | M37: UAT2Y440.012 | N37: Done by NW | Q37: Done by NW | R37: Done by NW | S37: Done by NW | T37: Done by NW | U37: Done by NW | X37: Done by NW | Z37: Done by NW | AD37: Done by NW | AF37: Done by NW
A38: 179 | B38: 30421 | C38: HLC-A | D38: STBDP1391HLCD | E38: Raipuram | F38: SR | G38: CHE | H38: 44993 | I38: 1391 | J38: Nashik | K38: M-U7D2S04V.005, MO-U7F2S240.005 | L38: Done by NW | M38: UAT2Y440.012 | N38: Done by NW | Q38: Done by NW | R38: Done by NW | S38: Done by NW | T38: Done by NW | U38: Done by NW | X38: Done by NW | Z38: Done by NW | AD38: Done by NW | AF38: Done by NW
A39: 178 | B39: 39229 | C39: HLC-B | D39: STB2P1232HLCD | E39: Raipuram | F39: SR | G39: CHE | H39: 44977 | I39: 1232 | J39: Nashik | K39: M-U7D2S04V.005, MO-U7F2S240.005 | L39: Done by NW | M39: UAT2Y440.012 | N39: Done by NW | Q39: Done by NW | R39: Done by NW | S39: Done by NW | T39: Done by NW | U39: Done by NW | X39: Done by NW | Z39: Done by NW | AD39: Done by NW | AF39: Done by NW | AI39: 45167 | AJ39: Done
A40: 177 | B40: 39229 | C40: HLC-A | D40: STB2P1235HLCD | E40: Raipuram | F40: SR | G40: CHE | H40: 44977 | I40: 1235 | J40: Nashik | K40: M-U7D2S04V.005, MO-U7F2S240.005 | L40: Done by NW | M40: UAT2Y440.012 | N40: Done by NW | Q40: Done by NW | R40: Done by NW | S40: Done by NW | T40: Done by NW | U40: Done by NW | X40: Done by NW | Z40: Done by NW | AD40: Done by NW | AF40: Done by NW | AI40: 45167 | AJ40: Done
A41: 176 | B41: 39228 | C41: HLC-B | D41: STB2P1239HLCD | E41: Raipuram | F41: SR | G41: CHE | H41: 44972 | I41: 1239 | J41: Nashik | K41: M-U7D2S04V.005, MO-U7F2S240.005 | L41: Done by NW | M41: UAT2Y440.012 | N41: Done by NW | Q41: Done by NW | R41: Done by NW | S41: Done by NW | T41: Done by NW | U41: Done by NW | X41: Done by NW | Z41: Done by NW | AD41: Done by NW | AF41: Done by NW | AI41: 45167 | AJ41: Done
A42: 175 | B42: 39228 | C42: HLC-A | D42: STB2P1238HLCD | E42: Raipuram | F42: SR | G42: CHE | H42: 44972 | I42: 1238 | J42: Nashik | K42: M-U7D2S04V.005, MO-U7F2S240.005 | L42: Done by NW | M42: UAT2Y440.012 | N42: Done by NW | Q42: Done by NW | R42: Done by NW | S42: Done by NW | T42: Done by NW | U42: Done by NW | X42: Done by NW | Z42: Done by NW | AD42: Done by NW | AF42: Done by NW | AI42: 45167 | AJ42: Done
A43: 162 | B43: 30436 | C43: HLC-B | D43: STB9P1332HLCD | E43: Raipuram | F43: SR | G43: CHE | I43: 1332 | J43: Nashik | K43: M-U7D2S04V.005, MO-U7F2S240.005 | L43: Done by NW | M43: UAT2Y440.012 | N43: Done by NW | Q43: Done by NW | R43: Done by NW | S43: Done by NW | T43: Done by NW | U43: Done by NW | X43: Done by NW | AD43: Done by NW | AF43: Done by NW | AI43: 45224 | AJ43: Done
A44: 161 | B44: 30436 | C44: HLC-A | D44: STB9P1333HLCD | E44: Raipuram | F44: SR | G44: CHE | I44: 1333 | J44: Nashik | K44: M-U7D2S04V.005, MO-U7F2S240.005 | L44: Done by NW | M44: UAT2Y440.012 | N44: Done by NW | Q44: Done by NW | R44: Done by NW | S44: Done by NW | T44: Done by NW | U44: Done by NW | X44: Done by NW | AD44: Done by NW | AF44: Done by NW | AI44: 45224 | AJ44: Done
A45: 148 | B45: 30679 | C45: HLC-B | D45: STB4N1121HLCD | E45: Raipuram | F45: SR | G45: CHE | H45: 44648 | I45: 1121 | J45: Nashik | K45: M-U7D2S04V.005, MO-U7F2S240.005 | L45: Done by NW | M45: UAT2Y440.012 | N45: Done by NW | O45: 45157 | Q45: Done by NW | R45: Done by NW | S45: Done by NW | T45: Conv-B DONE | U45: Conv-B DONE | X45: Done by NW | Y45: Conv-B DONE | Z45: Conv-B DONE | AD45: Conv-B DONE | AF45: Conv-B DONE | AG45: 45224 | AI45: 45157 | AJ45: Done
A46: 147 | B46: 30679 | C46: HLC-A | D46: STB4N1119HLCD | E46: Raipuram | F46: SR | G46: CHE | H46: 44648 | I46: 1119 | J46: Nashik | K46: M-U7D2S04V.005, MO-U7F2S240.005 | L46: Done by NW | M46: UAT2Y440.012 | N46: Done by NW | O46: 45157 | Q46: Done by NW | R46: Done by NW | S46: Done by NW | T46: Conv-A DONE | U46: Conv-A DONE | X46: Done by NW | Y46: Conv-A DONE | Z46: Conv-A DONE | AD46: Conv-A DONE | AF46: Conv-A DONE | AG46: 45224 | AI46: 45157 | AJ46: Done
A47: 146 | B47: 30350 | C47: HLC-B | D47: STB4N1118HLCD | E47: Raipuram | F47: SR | G47: CHE | I47: 1118 | J47: Nashik | K47: M-U7D2S04V.005, MO-U7F2S240.005 | L47: Done by NW | M47: UAT2Y440.012 | N47: Done by NW | Q47: Done by NW | R47: Done by NW | S47: Done by NW | T47: Conv-B DONE | U47: Conv-B DONE | X47: Done by NW | Y47: Conv-B DONE | Z47: Conv-B DONE | AD47: Conv-B DONE | AF47: Conv-B DONE | AI47: 45198 | AJ47: Done
A48: 145 | B48: 30350 | C48: HLC-A | D48: STB4N1120HLCD | E48: Raipuram | F48: SR | G48: CHE | I48: 1120 | J48: Nashik | K48: M-U7D2S04V.005, MO-U7F2S240.005 | L48: Done by NW | M48: UAT2Y440.012 | N48: Done by NW | Q48: Done by NW | R48: Done by NW | S48: Done by NW | T48: Conv-A DONE | U48: Conv-A DONE | X48: Done by NW | Y48: Conv-A DONE | Z48: Conv-A DONE | AD48: Conv-A DONE | AF48: Conv-A DONE | AI48: 45198 | AJ48: Done
A49: 144 | B49: 30562 | C49: HLC-B | D49: STB4N1117HLCD | E49: Raipuram | F49: SR | G49: CHE | H49: 44715 | I49: 1117 | J49: Nashik | K49: M-U7D2S04V.005, MO-U7F2S240.005 | L49: Done by NW | M49: UAT2Y440.012 | N49: Done by NW | O49: 45086 | Q49: Done by NW | R49: Done by NW | S49: Done by NW | T49: Conv-B DONE | U49: Conv-B DONE | X49: Done by NW | Y49: Conv-B DONE | Z49: Conv-B DONE | AD49: Conv-B DONE | AF49: Conv-B DONE
A50: 143 | B50: 30562 | C50: HLC-A | D50: STB4N1116HLCD | E50: Raipuram | F50: SR | G50: CHE | H50: 44715 | I50: 1116 | J50: Nashik | K50: M-U7D2S04V.005, MO-U7F2S240.005 | L50: Done by NW | M50: UAT2Y440.012 | N50: Done by NW | O50: 45086 | Q50: Done by NW | R50: Done by NW | S50: Done by NW | T50: Conv-A DONE | U50: Conv-A DONE | X50: Done by NW | Y50: Conv-A DONE | Z50: Conv-A DONE | AD50: Conv-A DONE | AF50: Conv-A DONE
A51: 140 | B51: 37580 | C51: HLC-B | D51: STBNM1039 | E51: Raipuram | F51: SR | G51: CHE | H51: 44336 | I51: 1039 | J51: Nashik | K51: M-U7D2S04V.005, MO-U7F2S240.005 | L51: Done by NW | M51: UAT2Y440.012 | N51: Done by NW | O51: 45131 | Q51: Done by NW | R51: Done by NW | T51: Conv-B DONE | U51: Conv-B DONE | X51: Done by NW | Z51: Conv-B DONE | AD51: Conv-B DONE | AI51: 45162 | AJ51: Done
A52: 139 | B52: 37594 | C52: HLC-B | D52: STB8M0937HLCD | E52: Raipuram | F52: SR | G52: CHE | H52: 44367 | I52: 937 | J52: Nashik | K52: M-U7D2S04V.005, MO-U7F2S240.005 | L52: Done by NW | O52: 45103 | Q52: Done by NW | R52: Done by NW | T52: Conv-B DONE | U52: Conv-B DONE | X52: Done by NW | Z52: Conv-B DONE | AD52: Conv-B DONE | AI52: 45162 | AJ52: Done
A53: 138 | B53: 37594 | C53: HLC-A | D53: STB8M0936HLCD | E53: Raipuram | F53: SR | G53: CHE | H53: 44367 | I53: 936 | J53: Nashik | K53: M-U7D2S04V.005, MO-U7F2S240.005 | L53: Done by NW | O53: 45103 | Q53: Done by NW | R53: Done by NW | T53: Conv-A DONE | U53: Conv-A DONE | X53: Done by NW | Z53: Conv-A DONE | AD53: Conv-A DONE | AI53: 45175 | AJ53: Done
A54: 137 | B54: 37580 | C54: HLC-A | D54: STB5M0780HLCD | E54: Raipuram | F54: SR | G54: CHE | H54: 44336 | I54: 780 | J54: Nashik | K54: M-U7D2S04V.005, MO-U7F2S240.005 | L54: Done | M54: UAT2Y440.012 | N54: Done by NW | O54: 45131 | Q54: Done by NW | R54: Done by NW | T54: Conv-A DONE | U54: Conv-A DONE | X54: Done by NW | Z54: Conv-A DONE | AD54: Conv-A DONE | AF54: Conv-A DONE | AI54: 45175 | AJ54: Done
A55: 136 | B55: 37581 | C55: HLC-A | D55: STBDL0757HLCD | E55: Raipuram | F55: SR | G55: CHE | H55: 44334 | I55: 757 | J55: Nashik | K55: M-U7D2S04V.005, MO-U7F2S240.005 | L55: Done | M55: UAT2Y440.012 | N55: Done by NW | O55: 45145 | Q55: Done by NW | R55: Done by NW | T55: Conv-B DONE | U55: Conv-B DONE | Z55: Conv-B DONE | AD55: Conv-B DONE | AI55: 45232 | AJ55: Done
A56: 135 | B56: 37581 | C56: HLC-B | D56: STBDL0755HLCD | E56: Raipuram | F56: SR | G56: CHE | H56: 44334 | I56: 755 | J56: Nashik | K56: M-U7D2S04V.005, MO-U7F2S240.005 | L56: Done | M56: UAT2Y440.012 | N56: Done by NW | O56: 45145 | Q56: Done by NW | R56: Done by NW | T56: Conv-A DONE | U56: Conv-A DONE | Z56: Conv-A DONE | AD56: Conv-A DONE | AI56: 45232 | AJ56: Done
A57: 128 | B57: 39121 | C57: HLC-B | D57: STBOL0675HLCD | E57: Raipuram | F57: SR | G57: CHE | H57: 43840 | I57: 675 | J57: Nashik | K57: M-U7D2S04V.005, MO-U7F2S240.005 | L57: 44551 | M57: UAT2Y440.012 | N57: 44643 | O57: 45072 | Q57: Done by NW | R57: Done by NW | T57: Conv-B DONE | U57: Conv-B DONE | W57: Conv-B DONE | Z57: Conv-B DONE | AD57: Conv-B DONE | AF57: Conv-B DONE
A58: 127 | B58: 39121 | C58: HLC-A | D58: STBOL0670HLCD | E58: Raipuram | F58: SR | G58: CHE | H58: 43840 | I58: 670 | J58: Nashik | K58: M-U7D2S04V.005, MO-U7F2S240.005 | L58: 44551 | M58: UAT2Y440.012 | N58: 44549 | O58: 45072 | Q58: Done by NW | R58: Done by NW | T58: Conv-A DONE | U58: Conv-A DONE | W58: Conv-A DONE | Z58: Conv-A DONE | AD58: Conv-A DONE | AF58: Conv-A DONE
A59: 126 | B59: 39119 | C59: HLC-B | D59: STB0L0657HLCD | E59: Raipuram | F59: SR | G59: CHE | H59: 43830 | I59: 657 | J59: Nashik | K59: M-U7D2S04V.005, MO-U7F2S240.005 | L59: 44256 | M59: UAT2Y440.012 | N59: 44362 | O59: 45043 | P59: 44722 | Q59: Done by NW | R59: Done by NW | T59: Conv-B DONE | U59: Conv-B DONE | Z59: Conv-B DONE | AD59: Conv-B DONE | AF59: Conv-B DONE | AI59: 45229 | AJ59: Done
A60: 125 | B60: 39119 | C60: HLC-A | D60: STB0L0660HLCD | E60: Raipuram | F60: SR | G60: CHE | H60: 43830 | I60: 660 | J60: Nashik | K60: M-U7D2S04V.005, MO-U7F2S240.005 | L60: 44256 | M60: UAT2Y440.012 | N60: 44362 | O60: 45043 | P60: 44722 | Q60: Done by NW | R60: Done by NW | T60: Conv-A DONE | U60: Conv-A DONE | Z60: Conv-A DONE | AD60: Conv-A DONE | AF60: Conv-A DONE | AI60: 45229 | AJ60: Done
A61: 118 | B61: 37547 | C61: HLC-B | D61: STB8M0915HLCD | E61: Raipuram | F61: SR | G61: CHE | H61: 44285 | I61: 915 | J61: Nashik | K61: M-U7D2S04V.005, MO-U7F2S240.005 | L61: Done by NW | M61: UAT2Y440.012 | N61: 44674 | O61: 45089 | Q61: Done by NW | R61: Done by NW | T61: Conv-B DONE | U61: Conv-B DONE | X61: Done by NW | Z61: Conv-B DONE | AD61: Conv-B DONE | AF61: Conv-B DONE
A62: 117 | B62: 37547 | C62: HLC-A | D62: STBOM1012HLCD | E62: Raipuram | F62: SR | G62: CHE | H62: 44285 | I62: 1012 | J62: Nashik | K62: M-U7D2S04V.005, MO-U7F2S240.005 | L62: Done by NW | M62: UAT2Y440.012 | N62: 44615 | O62: 45089 | Q62: Done by NW | R62: Done by NW | T62: Conv-A DONE | U62: Conv-A DONE | X62: Done by NW | Z62: Conv-A DONE | AD62: Conv-A DONE | AF62: Conv-A DONE | AI62: 45092 | AJ62: Done
A63: 116 | B63: 37514 | C63: HLC-B | D63: STBDL0759HLCD | E63: Raipuram | F63: SR | G63: CHE | H63: 44195 | I63: 759 | J63: Nashik | K63: M-U7D2S04V.005, MO-U7F2S240.005 | L63: 44327 | M63: UAT2Y440.012 | N63: 44346 | Q63: Done by NW | R63: Done by NW | T63: Conv-B DONE | U63: Conv-B DONE | X63: Done by NW | Z63: Conv-B DONE | AD63: Conv-B DONE | AF63: Conv-B DONE | AG63: 45229 | AI63: 45227 | AJ63: Done
A64: 115 | B64: 37514 | C64: HLC-A | D64: STB8M0925HLCD | E64: Raipuram | F64: SR | G64: CHE | H64: 44195 | I64: 925 | J64: Nashik | K64: M-U7D2S04V.005, MO-U7F2S240.005 | L64: Done by NW | M64: UAT2Y440.012 | N64: 44346 | Q64: Done by NW | R64: Done by NW | T64: Conv-A DONE | U64: Conv-A DONE | X64: Done by NW | Z64: Conv-A DONE | AD64: Conv-A DONE | AF64: Conv-A DONE | AG64: 45229 | AI64: 45227 | AJ64: Done
A65: 65 | B65: 37563 | C65: HLC-A | D65: STB7M0865HLCD | E65: Raipuram | F65: SR | G65: CHE | H65: 44291 | I65: 865 | J65: Nashik | K65: M-U7D2S04V.005, MO-U7F2S240.005 | L65: Done by NW | M65: UAT2Y440.012 | N65: Done | Q65: Done by NW | R65: Done by NW | T65: Conv-A DONE | X65: Done by NW | Z65: Conv-A DONE | AD65: Conv-A DONE | AF65: Conv-A DONE | AI65: 45119
A66: 66 | B66: 37563 | C66: HLC-B | D66: STB7M0864HLCD | E66: Raipuram | F66: SR | G66: CHE | H66: 44291 | I66: 864 | J66: Nashik | K66: M-U7D2S04V.005, MO-U7F2S240.005 | L66: Done by NW | M66: UAT2Y440.012 | N66: Done | Q66: Done by NW | R66: Done by NW | T66: Conv-B DONE | X66: Done by NW | Z66: Conv-B DONE | AD66: Conv-B DONE | AF66: Conv-B DONE | AI66: 45119
A67: 114 | B67: 37301 | C67: HLC-B | D67: STB6L0557HLCD | E67: Raipuram | F67: SR | G67: CHE | H67: 43815 | I67: 557 | J67: Nashik | K67: M-U7D2S04V.005, MO-U7F2S240.005 | L67: 44180 | M67: UAT2Y440.012 | N67: 44180 | O67: 45119 | Q67: Done by NW | R67: Done by NW | T67: Conv-B DONE | U67: Conv-B DONE | Y67: Conv-B DONE | Z67: Conv-B DONE | AB67: EL17 G01 024 -R | AC67: EL19D02007 | AD67: Conv-B DONE | AF67: Conv-B DONE
A68: 113 | B68: 37301 | C68: HLC-A | D68: STB6L0574HLCD | E68: Raipuram | F68: SR | G68: CHE | H68: 43815 | I68: 574 | J68: Nashik | K68: M-U7D2S04V.005, MO-U7F2S240.005 | L68: 44180 | M68: UAT2Y440.012 | N68: 44180 | O68: 45119 | Q68: Done by NW | R68: Done by NW | T68: Conv-A DONE | U68: Conv-A DONE | Y68: Conv-A DONE | Z68: Conv-A DONE | AD68: Conv-A DONE | AF68: Conv-A DONE
A69: 111 | B69: 37213 | C69: HLC-A | D69: STB5L0509HLCD | E69: Raipuram | F69: SR | G69: CHE | H69: 43670 | I69: 509 | J69: Nashik | K69: M-U7D2S04V.005, MO-U7F2S240.005 | L69: 44255 | M69: UAT2Y440.012 | N69: 44199 | O69: 45076 | Q69: Done by NW | R69: Conv-A DONE | T69: Conv-A DONE | U69: Conv-A DONE | Z69: Conv-A DONE | AD69: Conv-A DONE | AF69: Conv-A DONE | AI69: 45134 | AJ69: Done
A70: 109 | B70: 37211 | C70: HLC-A | D70: STB5L0515HLCD | E70: Raipuram | F70: SR | G70: CHE | H70: 43669 | I70: 515 | J70: Nashik | K70: M-U7D2S04V.005, MO-U7F2S240.005 | L70: 44189 | M70: UAT2Y440.012 | N70: 44189 | O70: 45066 | Q70: Done by NW | R70: Conv-A DONE | S70: Conv-A DONE | T70: Conv -A Done | U70: Conv-A DONE | Y70: Conv-A DONE | Z70: Conv-A DONE | AD70: Conv-A DONE | AF70: Conv-A DONE | AI70: 45164 | AJ70: Done
A71: 102 | B71: 37205 | C71: HLC-B | D71: STB5L0511HLCD | E71: Raipuram | F71: SR | G71: CHE | H71: 43639 | I71: 511 | J71: Nashik | K71: M-U7D2S04V.005, MO-U7F2S240.005 | L71: 44558 | M71: UAT2Y440.012 | N71: 44800 | O71: 45050 | Q71: Done by NW | R71: Conv-B DONE | T71: Conv-B DONE | U71: Conv-B DONE | Y71: Conv-B DONE | Z71: Conv-B DONE | AD71: Conv-B DONE | AF71: Conv-B DONE | AI71: NA | AJ71: Done
A72: 104 | B72: 37207 | C72: HLC-B | D72: STB5L0510HLCD | E72: Raipuram | F72: SR | G72: CHE | H72: 43640 | I72: 510 | J72: Nashik | K72: M-U7D2S04V.005, MO-U7F2S240.005 | L72: 44217 | M72: UAT2Y440.012 | N72: 44217 | Q72: Done by NW | R72: Conv-B DONE | T72: Conv-B DONE | U72: Conv-B DONE | Y72: Conv-B DONE | Z72: Conv-B DONE | AD72: Conv-B DONE | AF72: Conv-B DONE | AI72: 45174 | AJ72: Done
A73: 106 | B73: 37208 | C73: HLC-B | D73: STB5L0519HLCD | E73: Raipuram | F73: SR | G73: CHE | H73: 43641 | I73: 519 | J73: Nashik | K73: M-U7D2S04V.005, MO-U7F2S240.005 | L73: Done | M73: UAT2Y440.012 | N73: 44375 | O73: 45114 | Q73: Done by NW | R73: Conv-B DONE | T73: Conv-B DONE | Y73: Conv-B DONE | Z73: Conv-B DONE | AD73: Conv-B DONE | AF73: Conv-B DONE | AI73: 45206 | AJ73: Done
A74: 108 | B74: 37210 | C74: HLC-B | D74: STB5L0514HLCD | E74: Raipuram | F74: SR | G74: CHE | H74: 43669 | I74: 514 | J74: Nashik | K74: M-U7D2S04V.005, MO-U7F2S240.005 | L74: 44521 | M74: UAT2Y440.012 | N74: 44204 | P74: 45048 | Q74: Done by NW | R74: Conv-B DONE | T74: Conv-B DONE | U74: Conv-B DONE | Z74: Conv-B DONE | AD74: Conv-B DONE | AF74: Conv-B DONE | AI74: 45135 | AJ74: Done
A75: 1 | B75: 30782 | C75: HLC-A | D75: STBNK0346HLCD | E75: Raipuram | F75: SR | G75: CHE | H75: 43818 | I75: 346 | J75: Nashik | K75: M-U7D2S04V.005, MO-U7F2S240.005 | L75: 44266 | M75: UAT2Y440.012 | N75: 44179 | P75: 44722 | R75: Conv-A DONE | S75: Conv-A DONE | T75: Conv-A DONE | U75: Conv-A DONE | W75: Conv-A DONE | X75: Conv-A DONE | Y75: Conv-A DONE | Z75: Conv-A DONE | AD75: Conv-A DONE | AF75: Conv-A DONE
A76: 2 | B76: 30782 | C76: HLC-B | D76: STBNK0347HLCD | E76: Raipuram | F76: SR | G76: CHE | H76: 43818 | I76: 347 | J76: Nashik | K76: M-U7D2S04V.005, MO-U7F2S240.005 | L76: 44266 | M76: UAT2Y440.012 | N76: 44179 | P76: 44722 | R76: Conv-B DONE | S76: Conv-B DONE | T76: Conv-B DONE | U76: Conv-B DONE | W76: Conv-B DONE | X76: Conv-B DONE | Y76: Conv-B DONE | Z76: Conv-B DONE | AD76: Conv-B DONE
A77: 3 | B77: 30783 | C77: HLC-A | D77: STBDK0361HLCD | E77: Raipuram | F77: SR | G77: CHE | H77: 43834 | I77: 361 | J77: Nashik | K77: M-U7D2S04V.005, MO-U7F2S240.005 | L77: 44217 | M77: UAT2Y440.012 | N77: 44198 | P77: 44722 | R77: Conv-A DONE | T77: Conv-A DONE | U77: Conv-A DONE | Z77: Conv-A DONE | AD77: Conv-A DONE | AF77: Conv-A DONE
A78: 4 | B78: 30783 | C78: HLC-B | D78: STBDK0352HLCD | E78: Raipuram | F78: SR | G78: CHE | H78: 43834 | I78: 352 | J78: Nashik | K78: M-U7D2S04V.005, MO-U7F2S240.005 | L78: 44217 | M78: UAT2Y440.012 | N78: 44198 | P78: 44722 | R78: Conv-B DONE | T78: Conv-B DONE | U78: Conv-B DONE | Z78: Conv-B DONE | AD78: Conv-B DONE | AF78: Conv-B DONE
A79: 124 | B79: 39082 | C79: HLC-B | D79: STB4L0486HLCD | E79: Raipuram | F79: SR | G79: CHE | H79: 43686 | I79: 486 | J79: Nashik | K79: M-U7D2S04V.005, MO-U7F2S240.005 | L79: 44246 | M79: UAT2Y440.012 | N79: 44199 | R79: Conv-B DONE | T79: Conv-B DONE | U79: Conv-B DONE | Z79: Conv-B DONE | AD79: Conv-B DONE | AF79: Conv-B DONE | AI79: 45168 | AJ79: Done
A80: 123 | B80: 39082 | C80: HLC-A | D80: STB4L0488HLCD | E80: Raipuram | F80: SR | G80: CHE | H80: 43686 | I80: 488 | J80: Nashik | K80: M-U7D2S04V.005, MO-U7F2S240.005 | L80: 44246 | M80: UAT2Y440.012 | N80: 44199 | R80: Conv-A DONE | T80: Conv-A DONE | U80: Conv-A DONE | Z80: Conv-A DONE | AB80: EL19J04040 | AD80: Conv-A DONE | AF80: Conv-A DONE | AI80: 45168 | AJ80: Done
A81: 122 | B81: 39081 | C81: HLC-B | D81: STB4L0480HLCD | E81: Raipuram | F81: SR | G81: CHE | H81: 43691 | I81: 480 | J81: Nashik | K81: M-U7D2S04V.005, MO-U7F2S240.005 | L81: 44161 | M81: UAT2Y440.012 | N81: 44182 | O81: 45080 | R81: Conv-B DONE | T81: Conv-B DONE | U81: Conv-B DONE | Y81: Conv-B DONE | Z81: Conv-B DONE | AD81: Conv-B DONE | AF81: Conv-B DONE | AI81: 45150 | AJ81: Done
A82: 121 | B82: 39081 | C82: HLC-A | D82: STB4L0485HLCD | E82: Raipuram | F82: SR | G82: CHE | H82: 43691 | I82: 485 | J82: Nashik | K82: M-U7D2S04V.005, MO-U7F2S240.005 | L82: 44161 | M82: UAT2Y440.012 | N82: 44182 | O82: 45080 | R82: Conv-A DONE | T82: Conv-A DONE | U82: Conv-A DONE | Y82: Conv-A DONE | Z82: Conv-A DONE | AD82: Conv-A DONE | AF82: Conv-A DONE | AI82: 45150 | AJ82: Done
A83: 120 | B83: 39002 | C83: HLC-B | D83: STB3K0207HLCD | E83: Raipuram | F83: SR | G83: CHE | H83: 43434 | I83: 207 | J83: Nashik | K83: M-U7D2S04V.005, MO-U7F2S240.005 | L83: 44407 | M83: UAT2Y440.012 | N83: 44185 | O83: 45057 | R83: Conv-B DONE | T83: Conv-B DONE | U83: Conv-B DONE | Z83: Conv-B DONE | AD83: Conv-B DONE | AF83: Conv-B DONE
A84: 119 | B84: 39002 | C84: HLC-A | D84: STB3K0206HLCD | E84: Raipuram | F84: SR | G84: CHE | H84: 43434 | I84: 206 | J84: Nashik | K84: M-U7D2S04V.005, MO-U7F2S240.005 | L84: 44407 | M84: UAT2Y440.012 | N84: 44195 | O84: 45057 | R84: Conv-A DONE | T84: Conv-A DONE | U84: Conv-A DONE | Z84: Conv-A DONE | AB84: EL18K03 026-R | AD84: Conv-A DONE | AF84: Conv-A DONE
A85: 112 | B85: 37213 | C85: HLC-B | D85: STB4L0492HLCD | E85: Raipuram | F85: SR | G85: CHE | H85: 43670 | I85: 492 | J85: Nashik | K85: M-U7D2S04V.005, MO-U7F2S240.005 | L85: 44255 | M85: UAT2Y440.012 | N85: 44199 | O85: 45076 | R85: Conv-B DONE | T85: Conv-B DONE | U85: Conv-B DONE | Z85: Conv-B DONE | AD85: Conv-B DONE | AF85: Conv-B DONE | AI85: 45134 | AJ85: Done
A86: 71 | B86: 30475 | C86: HLC-A | D86: STBDF0047HLCA | E86: Raipuram | F86: SR | G86: CHE | H86: 42511 | I86: 47 | J86: Imported | K86: M-U7D2S04V.005, MO-U7F2S240.005 | L86: 44168 | M86: L3I2ZY72.008 | N86: Done | O86: 44168 | R86: Conv-A DONE | T86: Conv-A DONE | Y86: Conv-A DONE | Z86: Conv-A DONE | AD86: Conv-A DONE | AI86: 45192 | AJ86: Done
A87: 72 | B87: 30475 | C87: HLC-B | D87: STBDF0048HLCA | E87: Raipuram | F87: SR | G87: CHE | H87: 42511 | I87: 48 | J87: Imported | K87: M-U7D2S04V.005, MO-U7F2S240.005 | L87: 44168 | M87: L3I2ZY72.008 | N87: Done | O87: 44168 | R87: Conv-B DONE | T87: Conv-B DONE | Y87: Conv-B DONE | Z87: Conv-B DONE | AD87: Conv-B DONE | AI87: 45192 | AJ87: Done
A88: 73 | B88: 30477 | C88: HLC-A | D88: STB1F0042HLCB | E88: Raipuram | F88: SR | G88: CHE | H88: 42520 | I88: 42 | J88: Imported | K88: M-U7D2S04V.005, MO-U7F2S240.005 | L88: 44124 | M88: L3I2ZY72.008 | N88: Done | O88: 45061 | R88: Conv-A DONE | T88: Conv-A DONE | Y88: Conv-A DONE | Z88: Conv-A DONE | AD88: Conv-A DONE | AJ88: Done
A89: 74 | B89: 30477 | C89: HLC-B | D89: STB1N0037HLCB | E89: Raipuram | F89: SR | G89: CHE | H89: 42520 | I89: 37 | J89: Imported | K89: M-U7D2S04V.005, MO-U7F2S240.005 | L89: 44124 | M89: L3I2ZY72.008 | N89: Done | O89: 45061 | R89: Conv-B DONE | T89: Conv-B DONE | Y89: Conv-B DONE | Z89: Conv-B DONE | AD89: Conv-B DONE | AJ89: Done
A90: 75 | B90: 30479 | C90: HLC-A | D90: STB9F0030HLCB | E90: Raipuram | F90: SR | G90: CHE | H90: 42516 | I90: 30 | J90: Imported | K90: M-U7D2S04V.005, MO-U7F2S240.005 | L90: 44170 | M90: L3I2ZY72.008 | N90: Done | O90: 45084 | P90: 44683 | R90: Conv-A DONE | T90: Conv-A DONE | Y90: Conv-A DONE | Z90: Conv-A DONE | AD90: Conv-A DONE | AI90: 45205 | AJ90: Done
A91: 76 | B91: 30479 | C91: HLC-B | D91: STB9F0029HLCB | E91: Raipuram | F91: SR | G91: CHE | H91: 42516 | I91: 29 | J91: Imported | K91: M-U7D2S04V.005, MO-U7F2S240.005 | L91: 44170 | M91: L3I2ZY72.008 | N91: Done | O91: 45084 | P91: 44683 | R91: Conv-B DONE | T91: Conv-B DONE | Y91: Conv-B DONE | Z91: Conv-B DONE | AD91: Conv-B DONE | AI91: 45205 | AJ91: Done
A92: 81 | B92: 30545 | C92: HLC-A | D92: STB9H0083HLCC | E92: Raipuram | F92: SR | G92: CHE | H92: 42886 | I92: 83 | J92: Imported | K92: M-U7D2S04V.005, MO-U7F2S240.005 | L92: 44176 | M92: UAT2Y440.012 | N92: 44196 | O92: 45019 | P92: 44663 | R92: Conv-A DONE | T92: Conv-A DONE | Y92: Conv-A DONE | Z92: Conv-A DONE | AD92: Conv-A DONE | AI92: 45192 | AJ92: Done
A93: 82 | B93: 30545 | C93: HLC-B | D93: STB9H0082HLCC | E93: Raipuram | F93: SR | G93: CHE | H93: 42886 | I93: 82 | J93: Imported | K93: M-U7D2S04V.005, MO-U7F2S240.005 | L93: 44176 | M93: UAT2Y440.012 | N93: 44196 | O93: 45019 | P93: 44663 | R93: Conv-B DONE | T93: Conv-B DONE | Y93: Conv-B DONE | Z93: Conv-B DONE | AD93: Conv-B DONE | AI93: 45192 | AJ93: Done
A94: 83 | B94: 30597 | C94: HLC-A | D94: STB6J0110HLCD | E94: Raipuram | F94: SR | G94: CHE | H94: 43053 | I94: 110 | J94: Nashik | K94: M-U7D2S04V.005, MO-U7F2S240.005 | L94: 44335 | M94: UAT2Y440.012 | N94: 44464 | R94: Conv-A DONE | T94: Conv-A DONE | Z94: Conv-A DONE | AD94: Conv-A DONE | AF94: Conv-A DONE | AI94: 45209 | AJ94: Done
A95: 84 | B95: 30597 | C95: HLC-B | D95: STB6J0113HLCD | E95: Raipuram | F95: SR | G95: CHE | H95: 43053 | I95: 113 | J95: Nashik | K95: M-U7D2S04V.005, MO-U7F2S240.005 | L95: 44335 | M95: UAT2Y440.012 | N95: 44464 | R95: Conv-B DONE | T95: Conv-B DONE | Z95: Conv-B DONE | AD95: Conv-B DONE | AF95: Conv-B DONE | AI95: 45209 | AJ95: Done
A96: 110 | B96: 37211 | C96: HLC-B | D96: STB1L0380HLCD | E96: Raipuram | F96: SR | G96: CHE | H96: 43669 | I96: 380 | J96: Nashik | K96: M-U7D2S04V.005, MO-U7F2S240.005 | L96: 44189 | M96: UAT2Y440.012 | N96: 44189 | O96: 45066 | R96: Conv-B DONE | S96: Conv-B DONE | T96: Conv-B DONE | U96: Conv-B DONE | Y96: Conv-B DONE | Z96: Conv-B DONE | AD96: Conv-B DONE | AF96: Conv-B DONE | AI96: 45164 | AJ96: Done
A97: 89 | B97: 37068 | C97: HLC-A | D97: STB6K0255HLCD | E97: Raipuram | F97: SR | G97: CHE | H97: 43459 | I97: 255 | J97: Nashik | K97: M-U7D2S04V.005, MO-U7F2S240.005 | L97: 44342 | M97: UAT2Y440.012 | N97: 44203 | O97: 45078 | R97: Conv-A DONE | T97: Conv-A DONE | U97: Conv-A DONE | Y97: Conv-A DONE | Z97: Conv-A DONE | AB97: EL20L01030 | AD97: Conv-A DONE | AF97: Conv-A DONE
A98: 90 | B98: 37068 | C98: HLC-B | D98: STB7K0265HLCD | E98: Raipuram | F98: SR | G98: CHE | H98: 43459 | I98: 265 | J98: Nashik | K98: M-U7D2S04V.005, MO-U7F2S240.005 | L98: 44342 | M98: UAT2Y440.012 | N98: 44203 | O98: 45078 | R98: Conv-B DONE | T98: Conv-B DONE | U98: Conv-B DONE | Y98: Conv-B DONE | Z98: Conv-B DONE | AD98: Conv-B DONE | AF98: Conv-B DONE
A99: 91 | B99: 37069 | C99: HLC-A | D99: STB6K0254HLCD | E99: Raipuram | F99: SR | G99: CHE | H99: 43461 | I99: 254 | J99: Nashik | K99: M-U7D2S04V.005, MO-U7F2S240.005 | L99: 44270 | M99: UAT2Y440.012 | N99: 44270 | P99: 45049 | R99: Conv-A DONE | T99: Conv-A DONE | U99: Conv-A DONE | Y99: Conv-A DONE | Z99: Conv-A DONE | AD99: Conv-A DONE | AF99: Conv-A DONE | AI99: 45194 | AJ99: Done
A100: 92 | B100: 37069 | C100: HLC-B | D100: STB7K0264HLCD | E100: Raipuram | F100: SR | G100: CHE | H100: 43461 | I100: 264 | J100: Nashik | K100: M-U7D2S04V.005, MO-U7F2S240.005 | L100: 44270 | M100: UAT2Y440.012 | N100: 44270 | P100: 45049 | R100: Conv-B DONE | T100: Conv-B DONE | U100: Conv-B DONE | Y100: Conv-B DONE | Z100: Conv-B DONE | AD100: Conv-B DONE | AF100: Conv-B DONE | AI100: 45194 | AJ100: Done
A101: 93 | B101: 37114 | C101: HLC-A | D101: STB0K0317HLCD | E101: Raipuram | F101: SR | G101: CHE | H101: 43542 | I101: 317 | J101: Nashik | K101: M-U7D2S04V.005, MO-U7F2S240.005 | L101: 44191 | M101: UAT2Y440.012 | N101: 44191 | P101: 44735 | R101: Conv-A DONE | T101: Conv-A DONE | U101: Conv-A DONE | Y101: Conv-A DONE | Z101: Conv-A DONE | AD101: Conv-A DONE | AF101: Conv-A DONE | AI101: 45176 | AJ101: Done
...

Sheet Hyderabad
A1: S.No. | B1: Loco no. | C1: HLC | D1: Serial no. of HLC | E1: Base Shed | F1: Railway | G1: Region | H1: DOC | I1: serial no. | J1: Type of Text display | K1: Software version in Conv | L1: Software version in Conv (Master) U7D2S04V.005 (Module) U7F2S240.005 *DATE* | M1: Software version of display | N1: Software version (UAT2Y440.012) of display updation *DATE* | O1: Filter clean *DATE* | P1: Filter Change *DATE* | Q1: Removal of metal shortlink from M9000 with wire | R1: Replacement of 10 amp fuse with 20amp | S1: Shifting of wires on O/P contactor | T1: External earth fault wire modification | U1: Shifting of wires of output voltage available lamp | V1: Sealing of cable entry of panel | W1: Sealing of main fan plate (On which DC-DC converter installed) | X1: Mounting of 110 volt DC fan on PWR | Y1: Air leakage status in duct at the back of the converter | Z1: FG block removal from bottom of input choke | AA1: Surge arrestor fitment | AB1: Input choke change (mention sr.no. of new choke_ | AC1: O/P choke change (mention sr.no. of new choke_ | AD1: Control fuse 6.5amp to 15amp (Glass fuse) | AE1: Display button | AF1: DC link bus bar supporter | AG1: Software version in Conv (200622) (Master) Y6U2N04V.006 (Module) Y6U2N240.005 *DATE* | AH1: New Software version (UAT2Y44O.012) of display updation *DATE* | AI1: Sine Filter Capacitor washer fitment and tightness of connection *DATE* | AJ1: ELR setting to check (1amp /10 sec) | AK1: Heat Sink Cleaning *Date* | AL1: I/P contactor SILICON washer | AM1: Steel mesh on cyclonic filter on looc wall | AN1: Installation of new type of communication card on display | AQ1: HMI software update by NW from panel | AR1: STBOM1026
A2: 1 | B2: 30587 | C2: HLC-A | D2: STB5J0099HLCC | E2: Lallaguda | F2: SCR | G2: HYD | H2: 42942 | J2: Nashik | K2: M-U7D2S04V.005, | L2: Done | M2: UAT2Y440.012 | N2: 44195 | Q2: Done | R2: Conv-A DONE | T2: Conv-A DONE | U2: Conv-A DONE | AD2: Done | AE2: DONE | AF2: 25-07-2025 | AG2: 45359 | AH2: 45359 | AI2: 25-07-2024 | AJ2: DONE | AK2: 25-07-2024 | AM2: 18-11-2024
A3: 2 | B3: 30587 | C3: HLC-B | D3: STB5J0096HLCC | E3: Lallaguda | F3: SCR | G3: HYD | H3: 42942 | J3: Nashik | K3: M-U7D2S04V.005, | L3: Done | M3: UAT2Y440.012 | N3: Done | Q3: Done | R3: Conv-B DONE | T3: Conv-B DONE | U3: Conv-B DONE | AD3: Done | AE3: DONE | AF3: 25-07-2024 | AG3: 45359 | AH3: 45359 | AI3: 25-07-2024 | AJ3: DONE | AK3: 25-07-2024 | AM3: 18-11-2024
A4: 3 | B4: 30595 | C4: HLC-A | D4: STB7J0131HLCD | E4: Lallaguda | F4: SCR | G4: HYD | H4: 43054 | J4: Nashik | K4: M-U7D2S04V.005, | L4: Done | M4: UAT2Y440.012 | N4: 44191 | Q4: Done | R4: Conv-A DONE | T4: Conv-A DONE | U4: Conv-A DONE | AE4: DONE | AF4: 13-07-2024 | AG4: 15-07-2024 | AH4: 15-07-2024 | AI4: 13-07-2024 | AJ4: DONE | AK4: 13-07-2024 | AM4: 18-06-2024
A5: 4 | B5: 30595 | C5: HLC-B | D5: STB7J0130HLCD | E5: Lallaguda | F5: SCR | G5: HYD | H5: 43054 | J5: Nashik | K5: M-U7D2S04V.005, | L5: Done | M5: UAT2Y440.012 | N5: 44219 | Q5: Done | R5: Conv-B DONE | T5: Conv-B DONE | U5: Conv-B DONE | AE5: DONE | AF5: 13-07-2024 | AG5: 15-07-2024 | AH5: 15-07-2024 | AI5: 13-07-2024 | AJ5: DONE | AK5: 13-07-2024 | AM5: 18-06-2024
A6: 5 | B6: 30596 | C6: HLC-A | D6: STB5J0097HLCD | E6: Lallaguda | F6: SCR | G6: HYD | H6: 43026 | J6: Nashik | K6: M-U7D2S04V.005, | L6: Done | M6: UAT2Y440.012 | N6: Done | Q6: Done | R6: Conv-B DONE | T6: Conv-A DONE | U6: Conv-A DONE | AD6: Done | AE6: DONE | AF6: 22-07-2024 | AG6: 24-07-2024 | AH6: 24-07-2024 | AI6: 22-07-2024 | AJ6: DONE | AK6: 22-07-2024 | AM6: 45514
A7: 6 | B7: 30596 | C7: HLC-B | D7: STB5J0098HLCD | E7: Lallaguda | F7: SCR | G7: HYD | H7: 43026 | J7: Nashik | K7: M-U7D2S04V.005, | L7: Done | M7: UAT2Y440.012 | N7: 44270 | Q7: Done | R7: Conv-A DONE | T7: Conv-B DONE | U7: Conv-B DONE | AD7: Done | AE7: DONE | AF7: 22-07-2024 | AG7: 24-07-2024 | AH7: 24-07-2024 | AI7: 22-07-2024 | AJ7: DONE | AK7: 22-07-2024 | AM7: 45514
A8: 7 | B8: 30602 | C8: HLC-A | D8: STB8J0148HLCD | E8: BZA | F8: SCR | G8: HYD | H8: 43053 | J8: Nashik | K8: M-U7D2S04V.005, | L8: Done | M8: UAT2Y440.012 | N8: Done | Q8: Done | R8: Conv-A DONE | T8: Conv-A DONE | U8: Conv-A DONE | AG8: 28-06-2024 | AH8: 28-06-2024 | AI8: 27-06-2024 | AJ8: DONE | AK8: 27-06-2024
A9: 8 | B9: 30602 | C9: HLC-B | D9: STB8J0149HLCD | E9: BZA | F9: SCR | G9: HYD | H9: 43053 | J9: Nashik | K9: M-U7D2S04V.005, | L9: Done | M9: UAT2Y440.012 | N9: 44183 | Q9: Done | R9: Conv-B DONE | T9: Conv-B DONE | U9: Conv-B DONE | AB9: 44523 | AG9: 28-06-2024 | AH9: 28-06-2024 | AI9: 27-06-2024 | AJ9: DONE | AK9: 27-06-2024
A10: 9 | B10: 30603 | C10: HLC-A | D10: STB8J0150HLCD | E10: Lallaguda | F10: SCR | G10: HYD | H10: 43064 | J10: Nashik | K10: M-U7D2S04V.005, | L10: Done | M10: UAT2Y440.012 | N10: 44176 | Q10: Done | R10: Conv-A DONE | T10: Conv-A DONE | U10: Conv-A DONE | AB10: 44778 | AD10: Done | AE10: DONE | AF10: 45455 | AG10: 13-07-2024 | AH10: 13-07-2024 | AI10: 45603 | AJ10: DONE | AK10: 45603 | AM10: 45455
A11: 10 | B11: 30603 | C11: HLC-B | D11: STB8J0151HLCD | E11: Lallaguda | F11: SCR | G11: HYD | H11: 43064 | J11: Nashik | K11: M-U7D2S04V.005, | L11: Done | M11: UAT2Y440.012 | N11: 44180 | Q11: Done | R11: Conv-B DONE | T11: Conv-B DONE | U11: Conv-B DONE | AB11: 44236 | AD11: Done | AE11: DONE | AF11: 45455 | AG11: 13-07-2024 | AH11: 13-07-2024 | AI11: 45603 | AJ11: DONE | AK11: 45603 | AM11: 45455
A12: 11 | B12: 30605 | C12: HLC-A | D12: STB7J0120HLCD | E12: BZA | F12: SCR | G12: HYD | H12: 43060 | J12: Nashik | K12: M-U7D2S04V.005, | L12: Done | M12: UAT2Y440.012 | N12: 44177 | Q12: Done | R12: Conv-A DONE | T12: Conv-A DONE | U12: Conv-A DONE | AB12: 44778 | AD12: Done | AE12: DONE | AG12: 31-07-2024 | AH12: 31-07-2024 | AI12: 31-07-2024 | AJ12: DONE | AK12: 31-07-2024
A13: 12 | B13: 30605 | C13: HLC-B | D13: STB7J0121HLCD | E13: BZA | F13: SCR | G13: HYD | H13: 43060 | J13: Nashik | K13: M-U7D2S04V.005, | L13: Done | M13: UAT2Y440.012 | N13: Done | Q13: Done | R13: Conv-B DONE | T13: Conv-B DONE | U13: Conv-B DONE | AB13: 44301 | AD13: Done | AE13: DONE | AG13: 31-07-2024 | AH13: 31-07-2024 | AI13: 31-07-2024 | AJ13: DONE | AK13: 31-07-2024
A14: 13 | B14: 30610 | C14: HLC-A | D14: STB7J0129HLCD | E14: BZA | F14: SCR | G14: HYD | H14: 43082 | J14: Nashik | K14: M-U7D2S04V.005, | L14: Done | M14: UAT2Y440.012 | N14: 44193 | Q14: Done | R14: Conv-A DONE | T14: Conv-A DONE | U14: Conv-A DONE | AG14: 22-07-2024 | AH14: 22-07-2024 | AI14: 22-07-2024 | AJ14: DONE | AK14: 22-07-2024 | AM14: 26-10-2024
A15: 14 | B15: 30610 | C15: HLC-B | D15: STB1J0156HLCD | E15: BZA | F15: SCR | G15: HYD | H15: 43082 | J15: Nashik | K15: M-U7D2S04V.005, | L15: Done | M15: UAT2Y440.012 | N15: 44191 | Q15: Done | R15: Conv-B DONE | T15: Conv-B DONE | U15: Conv-B DONE | AB15: 44512 | AG15: 22-07-2024 | AH15: 22-07-2024 | AI15: 22-07-2024 | AJ15: DONE | AK15: 22-07-2024 | AM15: 26-10-2024
A16: 15 | B16: 30611 | C16: HLC-A | D16: STB9J0159HLCD | E16: Lallaguda | F16: SCR | G16: HYD | H16: 43068 | J16: Nashik | K16: M-U7D2S04V.005, | L16: Done | M16: UAT2Y440.012 | N16: 44215 | Q16: Done | R16: Conv-A DONE | T16: Conv-A DONE | U16: Conv-A DONE | AB16: 44721 | AE16: DONE | AF16: 45901 | AG16: 45298 | AH16: 45298 | AI16: 25-06-2024 | AJ16: DONE | AK16: 25-06-2024 | AM16: 28-06-2024
A17: 16 | B17: 30611 | C17: HLC-B | D17: STB8J0136HLCD | E17: Lallaguda | F17: SCR | G17: HYD | H17: 43068 | J17: Nashik | K17: M-U7D2S04V.005, | L17: Done | M17: UAT2Y440.012 | N17: 44238 | Q17: Done | R17: Conv-B DONE | T17: Conv-B DONE | U17: Conv-B DONE | AB17: 44806 | AE17: DONE | AF17: 45901 | AG17: 45298 | AH17: 45298 | AI17: 25-06-2024 | AJ17: DONE | AK17: 25-06-2024 | AM17: 28-06-2024
A18: 17 | B18: 30612 | C18: HLC-A | D18: STB6J0118HLCD | E18: BZA | F18: SCR | G18: HYD | H18: 43100 | J18: Nashik | K18: M-U7D2S04V.005, | L18: Done | M18: UAT2Y440.012 | N18: 44217 | Q18: Done | R18: Conv-A DONE | T18: Conv-A DONE | U18: Conv-A DONE | AD18: Done | AE18: DONE | AG18: 19-07-2024 | AH18: 19-07-2024 | AI18: 19-07-2024 | AJ18: DONE | AK18: 45481 | AM18: 20-09-2024
A19: 18 | B19: 30612 | C19: HLC-B | D19: STB6J0108HLCD | E19: BZA | F19: SCR | G19: HYD | H19: 43100 | J19: Nashik | K19: M-U7D2S04V.005, | L19: Done | M19: UAT2Y440.012 | N19: 44200 | Q19: Done | R19: Conv-B DONE | T19: Conv-B DONE | U19: Conv-B DONE | AD19: Done | AE19: DONE | AG19: 19-07-2024 | AH19: 19-07-2024 | AI19: 19-07-2024 | AJ19: DONE | AK19: 45481 | AM19: 20-09-2024
A20: 19 | B20: 30613 | C20: HLC-A | D20: STB9J0164HLCD | E20: BZA | F20: SCR | G20: HYD | H20: 43130 | J20: Nashik | K20: M-U7D2S04V.005, | L20: Done | M20: UAT2Y440.012 | N20: 44217 | Q20: Done | R20: Conv-A DONE | T20: Conv-A DONE | U20: Conv-A DONE | AD20: Done | AG20: 22-06-2024 | AH20: 22-06-2024 | AI20: 22-06-2024 | AJ20: DONE | AK20: 26-06-2024 | AM20: 26-09-2024
A21: 20 | B21: 30613 | C21: HLC-B | D21: STB9J0165HLCD | E21: BZA | F21: SCR | G21: HYD | H21: 43130 | J21: Nashik | K21: M-U7D2S04V.005, | L21: Done | M21: UAT2Y440.012 | N21: 44300 | O21: 44086 | Q21: Done | R21: Conv-B DONE | T21: Conv-B DONE | U21: Conv-B DONE | W21: Conv-B DONE | AD21: Done | AG21: 22-06-2024 | AH21: 22-06-2024 | AI21: 22-06-2024 | AJ21: DONE | AK21: 26-06-2024 | AM21: 26-09-2024
A22: 21 | B22: 30617 | C22: HLC-A | D22: STB8J0143HLCD | E22: BZA | F22: SCR | G22: HYD | H22: 43102 | J22: Nashik | K22: M-U7D2S04V.005, | L22: Done | M22: UAT2Y440.012 | N22: 44301 | Q22: Done | R22: Conv-A DONE | T22: Conv-A DONE | U22: Conv-A DONE | AD22: Done | AE22: DONE | AG22: 45574 | AH22: 45574 | AI22: 45574 | AJ22: DONE | AK22: 45638 | AM22: 45574
A23: 22 | B23: 30617 | C23: HLC-B | D23: STB8J0142HLCD | E23: BZA | F23: SCR | G23: HYD | H23: 43102 | J23: Nashik | K23: M-U7D2S04V.005, | L23: Done | M23: UAT2Y440.012 | N23: 44230 | Q23: Done | R23: Conv-B DONE | T23: Conv-B DONE | U23: Conv-B DONE | AD23: Done | AE23: DONE | AG23: 45574 | AH23: 45574 | AI23: 45574 | AJ23: DONE | AK23: 45638 | AM23: 45574
A24: 23 | B24: 30618 | C24: HLC-A | D24: STB6J0119HLCD | E24: BZA | F24: SCR | G24: HYD | H24: 43099 | J24: Nashik | K24: M-U7D2S04V.005, | L24: Done | M24: UAT2Y440.012 | N24: 44263 | Q24: Done | R24: Conv-A DONE | T24: Conv-A DONE | U24: Conv-A DONE | AD24: Done | AE24: DONE | AG24: 45634 | AH24: 41251 | AI24: 45634 | AJ24: DONE | AK24: 45573
A25: 24 | B25: 30618 | C25: HLC-B | D25: STB6J0109HLCD | E25: BZA | F25: SCR | G25: HYD | H25: 43099 | J25: Nashik | K25: M-U7D2S04V.005, | L25: Done | M25: UAT2Y440.012 | N25: 44280 | Q25: Done | R25: Conv-B DONE | T25: Conv-B DONE | U25: Conv-B DONE | AD25: Done | AE25: DONE | AG25: 45634 | AH25: 45634 | AI25: 45634 | AJ25: DONE | AK25: 45573
A26: 25 | B26: 37062 | C26: HLC-A | D26: STB2K0180HLCD | E26: Lallaguda | F26: SCR | G26: HYD | H26: 43456 | J26: Nashik | K26: M-U7D2S04V.005, | L26: Done | M26: UAT2Y440.012 | N26: 44176 | Q26: Done | R26: Conv-A DONE | T26: Conv-A DONE | U26: Conv-A DONE | AD26: Done | AE26: DONE | AF26: 45573 | AG26: 45573 | AH26: 45573 | AI26: 45573 | AJ26: DONE | AK26: 45573 | AM26: 13-06-2024
A27: 26 | B27: 37062 | C27: HLC-B | D27: STB3K0196HLCD | E27: Lallaguda | F27: SCR | G27: HYD | H27: 43456 | J27: Nashik | K27: M-U7D2S04V.005, | L27: Done | M27: UAT2Y440.012 | N27: 44184 | Q27: Done | R27: Conv-B DONE | T27: Conv-B DONE | U27: Conv-B DONE | AB27: 44408 | AD27: Done | AE27: DONE | AF27: 45573 | AG27: 45573 | AH27: 45573 | AI27: 45573 | AJ27: DONE | AK27: 45573 | AM27: 13-06-2024
A28: 27 | B28: 37085 | C28: HLC-A | D28: STB6K0258HLCD | E28: Lallaguda | F28: SCR | G28: HYD | H28: 43507 | J28: Nashik | K28: M-U7D2S04V.005, | L28: Done | M28: UAT2Y440.012 | N28: 44214 | Q28: Done | R28: Conv-A DONE | T28: Conv-A DONE | U28: Conv-A DONE | AB28: 44020 | AE28: DONE | AF28: 16-07-2024 | AG28: 18-07-2024 | AH28: 18-07-2024 | AI28: 16-07-2024 | AJ28: DONE | AK28: 16-07-2024 | AM28: 29-07-2024
A29: 28 | B29: 37085 | C29: HLC-B | D29: STB6K0259HLCD | E29: Lallaguda | F29: SCR | G29: HYD | H29: 43507 | J29: Nashik | K29: M-U7D2S04V.005, | L29: Done | M29: UAT2Y440.012 | N29: Done by NW | Q29: Done | R29: Conv-B DONE | T29: Conv-B DONE | U29: Conv-B DONE | AE29: DONE | AF29: 16-07-2024 | AG29: 18-07-2024 | AH29: 18-07-2024 | AI29: 16-07-2024 | AJ29: DONE | AK29: 16-07-2024 | AM29: 29-07-2024
A30: 29 | B30: 37363 | C30: HLC-A | D30: STBDL0742 | E30: Lallaguda | F30: SCR | G30: HYD | H30: 43977 | J30: Nashik | K30: M-U7D2S04V.005, | L30: Done by NW | M30: UAT2Y440.012 | N30: Done by NW | Q30: Done by NW | R30: Done by NW | T30: Conv-A DONE | U30: Conv-A DONE | AE30: DONE | AF30: 15-11-2024 | AG30: 17-08-2024 | AH30: 17-08-2024 | AI30: 17-08-2024 | AJ30: DONE | AK30: 15-11-2024 | AM30: 14-11-2024
A31: 30 | B31: 37363 | C31: HLC-B | D31: STBDL0740HLCD | E31: Lallaguda | F31: SCR | G31: HYD | H31: 43977 | J31: Nashik | K31: M-U7D2S04V.005, | L31: Done by NW | M31: UAT2Y440.012 | N31: Done by NW | Q31: Done by NW | R31: Done by NW | T31: Conv-B DONE | U31: Conv-B DONE | AE31: DONE | AF31: 15-11-2024 | AG31: 17-08-2024 | AH31: 17-08-2024 | AI31: 17-08-2024 | AJ31: DONE | AK31: 15-11-2024 | AM31: 14-11-2024
A32: 31 | B32: 37375 | C32: HLC-A | D32: STBNL0711HLCD | E32: Lallaguda | F32: SCR | G32: HYD | H32: 44004 | J32: Nashik | K32: M-U7D2S04V.005, | L32: Done by NW | M32: UAT2Y440.012 | N32: Done by NW | Q32: Done by NW | R32: Done by NW | T32: Conv-A DONE | U32: Conv-A DONE | AE32: DONE | AF32: 45452 | AG32: 45482 | AH32: 45482 | AI32: 45452 | AJ32: DONE | AK32: 45452 | AM32: 45452
A33: 32 | B33: 37375 | C33: HLC-B | D33: STB7L0608HLCD | E33: Lallaguda | F33: SCR | G33: HYD | H33: 44004 | J33: Nashik | K33: M-U7D2S04V.005, | L33: Done by NW | M33: UAT2Y440.012 | N33: Done by NW | O33: 44075 | Q33: Done by NW | R33: Done by NW | S33: Conv-A DONE | T33: Conv-B DONE | U33: Conv-B DONE | AE33: DONE | AF33: 45452 | AG33: 45482 | AH33: 45482 | AI33: 45452 | AJ33: DONE | AK33: 45452 | AM33: 45452
A34: 33 | B34: 37376 | C34: HLC-A | D34: STBNL0716HLCD | E34: Lallaguda | F34: SCR | G34: HYD | H34: 44006 | J34: Nashik | K34: M-U7D2S04V.005, | L34: Done by NW | M34: UAT2Y440.012 | N34: Done by NW | Q34: Done by NW | R34: Done by NW | T34: Conv-A DONE | U34: Conv-A DONE | AD34: Done | AE34: DONE | AF34: 45633 | AG34: 29-06-2024 | AH34: 29-06-2024 | AI34: 29-06-2024 | AJ34: DONE | AK34: 45450
A35: 34 | B35: 37376 | C35: HLC-B | D35: STB7L0595 | E35: Lallaguda | F35: SCR | G35: HYD | H35: 44006 | J35: Nashik | K35: M-U7D2S04V.005, | L35: Done by NW | M35: UAT2Y440.012 | N35: Done by NW | Q35: Done by NW | R35: Done by NW | T35: Conv-B DONE | U35: Conv-B DONE | AD35: Done | AE35: DONE | AF35: 45633 | AG35: 29-06-2024 | AH35: 29-06-2024 | AI35: 29-06-2024 | AJ35: DONE | AK35: 45450
A36: 35 | B36: 37473 | C36: HLC-A | D36: STB8M0910HLCD | E36: Lallaguda | F36: SCR | G36: HYD | H36: 44153 | J36: Nashik | K36: M-U7D2S04V.005, | L36: Done by NW | M36: UAT2Y440.012 | N36: Done by NW | Q36: Done by NW | R36: Done by NW | S36: Conv-A DONE | T36: Conv-A DONE | U36: Conv-A DONE | X36: Done by NW | AD36: Done | AE36: DONE | AF36: 16-09-2024 | AG36: 24-07-2024 | AH36: 24-07-2024 | AI36: 25-08-2024 | AJ36: DONE | AK36: 25-08-2024 | AM36: 16-09-2024
A37: 36 | B37: 37473 | C37: HLC-B | D37: STB8M0911HLCD | E37: Lallaguda | F37: SCR | G37: HYD | H37: 44153 | J37: Nashik | K37: M-U7D2S04V.005, | L37: Done by NW | M37: UAT2Y440.012 | N37: Done by NW | Q37: Done by NW | R37: Done by NW | S37: Conv-B DONE | T37: Conv-B DONE | U37: Conv-B DONE | X37: Done by NW | AD37: Done | AE37: DONE | AF37: 16-09-2024 | AG37: 24-07-2024 | AH37: 24-07-2024 | AI37: 25-08-2024 | AJ37: DONE | AK37: 25-08-2024 | AM37: 16-09-2024
A38: 37 | B38: 37477 | C38: HLC-A | D38: STB8M0959HLCD | E38: Lallaguda | F38: SCR | G38: HYD | H38: 44157 | J38: Nashik | K38: M-U7D2S04V.005, | L38: Done by NW | M38: UAT2Y440.012 | N38: Done by NW | Q38: Done by NW | R38: Done by NW | T38: Conv-A DONE | U38: Conv-A DONE | X38: Done by NW | AD38: Done | AE38: DONE | AF38: 15-07-2024 | AG38: 23-06-2024 | AH38: 23-06-2024 | AI38: 21-06-2024 | AJ38: DONE | AK38: 22-06-2024 | AM38: 27-12-2024
A39: 38 | B39: 37477 | C39: HLC-B | D39: STB8M0958HLCD | E39: Lallaguda | F39: SCR | G39: HYD | H39: 44157 | J39: Nashik | K39: M-U7D2S04V.005, | L39: Done by NW | M39: UAT2Y440.012 | N39: Done by NW | Q39: Done by NW | R39: Done by NW | T39: Conv-B DONE | U39: Conv-B DONE | X39: Done by NW | AD39: Done | AE39: DONE | AF39: 15-07-2024 | AG39: 23-06-2024 | AH39: 23-06-2024 | AI39: 21-06-2024 | AJ39: DONE | AK39: 22-06-2024 | AM39: 27-12-2024
A40: 39 | B40: 37538 | C40: HLC-A | D40: STB8M0928HLCD | E40: Lallaguda | F40: SCR | G40: HYD | H40: 44226 | J40: Nashik | K40: M-U7D2S04V.005, | L40: Done by NW | M40: UAT2Y440.012 | N40: Done by NW | Q40: Done by NW | R40: Done by NW | T40: Conv-A DONE | U40: Conv-A DONE | X40: Done by NW | AE40: DONE | AF40: 45574 | AG40: 15-06-2024 | AH40: 15-06-2024 | AI40: 45605 | AJ40: DONE | AK40: 45574 | AM40: 45605
A41: 40 | B41: 37538 | C41: HLC-B | D41: STB8M0929HLCD | E41: Lallaguda | F41: SCR | G41: HYD | H41: 44226 | J41: Nashik | K41: M-U7D2S04V.005, | L41: Done by NW | M41: UAT2Y440.012 | N41: Done by NW | Q41: Done by NW | R41: Done by NW | T41: Conv-B DONE | U41: Conv-B DONE | X41: Done by NW | AE41: DONE | AF41: 45574 | AG41: 15-06-2024 | AH41: 15-06-2024 | AI41: 45605 | AJ41: DONE | AK41: 45574 | AM41: 45605
A42: 41 | B42: 37540 | C42: HLC-A | D42: STB8M0918HLCD | E42: Lallaguda | F42: SCR | G42: HYD | H42: 44226 | J42: Nashik | K42: M-U7D2S04V.005, | L42: Done by NW | M42: UAT2Y440.012 | N42: Done by NW | Q42: Done by NW | R42: Done by NW | T42: Conv-A DONE | U42: Conv-A DONE | X42: Done by NW | AD42: Done | AE42: DONE | AF42: 45451 | AG42: 45451 | AH42: 45451 | AI42: 45451 | AJ42: DONE | AK42: 45451 | AM42: 16-11-2024
A43: 42 | B43: 37540 | C43: HLC-B | D43: STB8M0919HLCD | E43: Lallaguda | F43: SCR | G43: HYD | H43: 44226 | J43: Nashik | K43: M-U7D2S04V.005, | L43: Done by NW | M43: UAT2Y440.012 | N43: Done by NW | Q43: Done by NW | R43: Done by NW | T43: Conv-B DONE | U43: Conv-B DONE | X43: Done by NW | AD43: Done | AE43: DONE | AF43: 45451 | AG43: 45451 | AH43: 45451 | AI43: 45451 | AJ43: DONE | AK43: 45451 | AM43: 16-11-2024
A44: 43 | B44: 39118 | C44: HLC-A | D44: STB0L0677HLCD | E44: Lallaguda | F44: SCR | G44: HYD | H44: 43826 | J44: Nashik | K44: M-U7D2S04V.005, | L44: Done by NW | M44: UAT2Y440.012 | N44: Done by NW | Q44: Done by NW | R44: Done by NW | T44: Conv-A DONE | U44: Conv-A DONE | AD44: Done | AE44: DONE | AF44: 18-07-2024 | AG44: 16-07-2024 | AH44: 16-07-2024 | AI44: 18-07-2024 | AJ44: DONE | AK44: 18-07-2024 | AM44: 29-07-2024
A45: 44 | B45: 39118 | C45: HLC-B | D45: STB0L0676HLCD | E45: Lallaguda | F45: SCR | G45: HYD | H45: 43826 | J45: Nashik | K45: M-U7D2S04V.005, | L45: Done by NW | M45: UAT2Y440.012 | N45: Done by NW | Q45: Done by NW | R45: Done by NW | T45: Conv-B DONE | U45: Conv-B DONE | AD45: Done | AE45: DONE | AF45: 18-07-2024 | AG45: 16-07-2024 | AH45: 16-07-2024 | AI45: 18-07-2024 | AJ45: DONE | AK45: 18-07-2024 | AM45: 29-07-2024
A46: 45 | B46: 39120 | C46: HLC-A | D46: STB0L0663HLCD | E46: Lallaguda | F46: SCR | G46: HYD | H46: 43838 | J46: Nashik | K46: M-U7D2S04V.005, | L46: Done by NW | M46: UAT2Y440.012 | N46: Done by NW | Q46: Done by NW | R46: Done by NW | T46: Conv-A DONE | U46: Conv-A DONE | AD46: Done | AE46: DONE | AF46: 45633 | AG46: 45450 | AH46: 45450 | AI46: 45572 | AJ46: DONE | AK46: 45572 | AM46: 30-10-2024
A47: 46 | B47: 39120 | C47: HLC-B | D47: STB0L0664HLCD | E47: Lallaguda | F47: SCR | G47: HYD | H47: 43838 | J47: Nashik | K47: M-U7D2S04V.005, | L47: Done by NW | M47: UAT2Y440.012 | N47: Done by NW | Q47: Done by NW | R47: Done by NW | T47: Conv-B DONE | U47: Conv-B DONE | AD47: Done | AE47: DONE | AF47: 45633 | AG47: 45450 | AH47: 45450 | AI47: 45572 | AJ47: DONE | AK47: 45572 | AM47: 30-10-2024
A48: 47 | B48: 39137 | C48: HLC-A | D48: STBOL0653HLCD | E48: BZA | F48: SCR | G48: HYD | H48: 43907 | J48: Nashik | K48: M-U7D2S04V.005, | L48: Done by NW | M48: UAT2Y440.012 | N48: Done by NW | Q48: Done by NW | R48: Done by NW | T48: Conv-A DONE | U48: Conv-A DONE | AG48: 45450 | AH48: 45450 | AI48: 45450 | AJ48: DONE | AK48: 45542 | AM48: 45450
A49: 48 | B49: 39137 | C49: HLC-B | D49: STBOL0654HLCD | E49: BZA | F49: SCR | G49: HYD | H49: 43907 | J49: Nashik | K49: M-U7D2S04V.005, | L49: Done by NW | M49: UAT2Y440.012 | N49: Done by NW | Q49: Done by NW | R49: Done by NW | T49: Conv-B DONE | U49: Conv-B DONE | AG49: 45450 | AH49: 45450 | AI49: 45450 | AJ49: DONE | AK49: 45542 | AM49: 45450
A50: 49 | B50: 39139 | C50: HLC-A | D50: STB1M0772HLCD | E50: BZA | F50: SCR | G50: HYD | H50: 43988 | J50: Nashik | K50: M-U7D2S04V.005, | L50: Done by NW | M50: UAT2Y440.012 | N50: Done by NW | Q50: Done by NW | R50: Done by NW | T50: Conv-A DONE | U50: Conv-A DONE | AE50: DONE | AG50: 29-08-2024 | AH50: 29-08-2024 | AI50: 29-11-2024 | AJ50: DONE | AK50: 29-11-2024
A51: 50 | B51: 39139 | C51: HLC-B | D51: STB0L0658HLCD | E51: BZA | F51: SCR | G51: HYD | H51: 43988 | J51: Nashik | K51: M-U7D2S04V.005, | Q51: Done by NW | R51: Done by NW | T51: Conv-B DONE | U51: Conv-B DONE | AE51: DONE | AG51: 29-08-2024 | AH51: 29-08-2024 | AI51: 29-11-2024 | AJ51: DONE | AK51: 29-11-2024
A52: 51 | B52: 39149 | C52: HLC-A | D52: STBDL0762HLCD | E52: Lallaguda | F52: SCR | G52: HYD | H52: 44035 | J52: Nashik | K52: M-U7D2S04V.005, | L52: 44259 | M52: UAT2Y440.012 | N52: Done (ver-Nimesh) | Q52: Done by NW | R52: Done by NW | T52: Conv-A DONE | U52: Conv-A DONE | AD52: Done | AE52: DONE | AG52: 31-05-2024 | AH52: 31-05-2024 | AI52: 20-06-2024 | AJ52: DONE | AK52: 19-06-2024 | AM52: 18-12-2024
A53: 52 | B53: 39149 | C53: HLC-B | D53: STBDL0765HLCD | E53: Lallaguda | F53: SCR | G53: HYD | H53: 44035 | J53: Nashik | K53: M-U7D2S04V.005, | Q53: Done by NW | R53: Done by NW | T53: Conv-B DONE | U53: Conv-B DONE | AD53: Done | AE53: DONE | AG53: 31-05-2024 | AH53: 31-05-2024 | AI53: 20-06-2024 | AJ53: DONE | AK53: 19-06-2024 | AM53: 18-12-2024
A54: 53 | B54: 39156 | C54: HLC-A | D54: STB1M0777HLCD | E54: BZA | F54: SCR | G54: HYD | H54: 44067 | J54: Nashik | K54: M-U7D2S04V.005, | Q54: Done by NW | R54: Done by NW | T54: Conv-A DONE | U54: Conv-A DONE | AE54: DONE | AG54: 19-07-2024 | AH54: 19-07-2024 | AI54: 19-07-2024 | AJ54: DONE | AK54: 25-01-2025 | AM54: 21-10-2024
A55: 54 | B55: 39156 | C55: HLC-B | D55: STBDL0763HLCD | E55: BZA | F55: SCR | G55: HYD | H55: 44067 | J55: Nashik | K55: M-U7D2S04V.005, | Q55: Done by NW | R55: Done by NW | T55: Conv-B DONE | U55: Conv-B DONE | AE55: DONE | AG55: 19-07-2024 | AH55: 19-07-2024 | AI55: 19-07-2024 | AJ55: DONE | AK55: 25-01-2025 | AM55: 21-10-2024
A56: 55 | B56: 37587 | C56: HLC-B | D56: STB7M0856 | E56: BZA | F56: SCR | G56: HYD | H56: 44344 | J56: Nashik | K56: M-U7D2S04V.005, | Q56: Done by NW | R56: Done by NW | T56: Conv-A DONE | U56: Conv-A DONE | X56: Done by NW | AF56: 17-01-2025 | AG56: 45572 | AH56: 45572 | AI56: 45572 | AJ56: DONE | AK56: 17-01-2025 | AM56: 45575
A57: 56 | B57: 37587 | C57: HLC-A | D57: STB7M0857 | E57: BZA | F57: SCR | G57: HYD | H57: 44344 | J57: Nashik | K57: M-U7D2S04V.005, | Q57: Done by NW | R57: Done by NW | T57: Conv-B DONE | U57: Conv-B DONE | X57: Done by NW | AF57: 17-01-2025 | AG57: 45572 | AH57: 45572 | AI57: 45572 | AJ57: DONE | AK57: 17-01-2025 | AM57: 45575
A58: 57 | B58: 37588 | C58: HLC-A | D58: STB8M0940HLCD | E58: BZA | F58: SCR | G58: HYD | H58: 44367 | J58: Nashik | K58: M-U7D2S04V.005, | Q58: Done by NW | R58: Done by NW | T58: Conv-A DONE | U58: Conv-A DONE | X58: Done by NW | AG58: 28-06-2024 | AH58: 28-06-2024 | AI58: 28-06-2024 | AJ58: DONE | AK58: 45358 | AM58: 45358
A59: 58 | B59: 37588 | C59: HLC-B | D59: STB8M0941HLCD | E59: BZA | F59: SCR | G59: HYD | H59: 44367 | J59: Nashik | K59: M-U7D2S04V.005, | Q59: Done by NW | R59: Done by NW | T59: Conv-B DONE | U59: Conv-B DONE | X59: Done by NW | AG59: 28-06-2024 | AH59: 28-06-2024 | AI59: 28-06-2024 | AJ59: DONE | AK59: 45358 | AM59: 45358
A60: 59 | B60: 30655 | C60: HLC-A | D60: STB9M0988 | E60: Lallaguda | F60: SCR | G60: HYD | H60: 30-5-2021 | J60: Nashik | K60: M-U7D2S04V.005, | Q60: Done by NW | R60: Done by NW | T60: Conv-A DONE | U60: Conv-A DONE | X60: Done by NW | AD60: Done | AE60: DONE | AG60: 25-06-2024 | AH60: 25-06-2024 | AI60: 21-06-2024 | AJ60: DONE | AK60: 21-06-2024 | AM60: 15-10-2024
A61: 60 | B61: 30655 | C61: HLC-B | D61: STBNM1049 | E61: Lallaguda | F61: SCR | G61: HYD | H61: 30-5-2021 | J61: Nashik | K61: M-U7D2S04V.005, | Q61: Done by NW | R61: Done by NW | T61: Conv-B DONE | U61: Conv-B DONE | X61: Done by NW | AD61: Done | AE61: DONE | AG61: 25-06-2024 | AH61: 25-06-2024 | AI61: 21-06-2024 | AJ61: DONE | AK61: 21-06-2024 | AM61: 15-10-2024
A62: 61 | B62: 30656 | C62: HLC-A | D62: STB9M0997 | E62: Lallaguda | F62: SCR | G62: HYD | H62: 17-6-2021 | J62: Nashik | K62: M-U7D2S04V.005, | Q62: Done by NW | R62: Done by NW | T62: Conv-A DONE | U62: Conv-A DONE | X62: Done by NW | AE62: DONE | AG62: 45419 | AH62: 45419 | AI62: 27-06-2024 | AJ62: DONE | AK62: 27-06-2024 | AM62: 28-06-2024
A63: 62 | B63: 30656 | C63: HLC-B | D63: STB9M0989 | E63: Lallaguda | F63: SCR | G63: HYD | H63: 17-6-2021 | J63: Nashik | K63: M-U7D2S04V.005, | Q63: Done by NW | R63: Done by NW | T63: Conv-B DONE | U63: Conv-B DONE | X63: Done by NW | AE63: DONE | AG63: 45419 | AH63: 45419 | AI63: 27-06-2024 | AJ63: DONE | AK63: 27-06-2024 | AM63: 28-06-2024
A64: 63 | B64: 30660 | C64: HLC-A | D64: STB9M0994 | E64: Lallaguda | F64: SCR | G64: HYD | H64: 44321 | J64: Nashik | K64: M-U7D2S04V.005, | Q64: Done by NW | R64: Done by NW | T64: Conv-A DONE | U64: Conv-A DONE | X64: Done by NW | AD64: Done | AE64: DONE | AG64: 20-06-2024 | AH64: 20-06-2024 | AI64: 21-06-2024 | AJ64: DONE | AK64: 16-08-2024 | AM64: 17-08-2024
A65: 64 | B65: 30660 | C65: HLC-B | D65: STB9M0990 | E65: Lallaguda | F65: SCR | G65: HYD | H65: 44321 | J65: Nashik | K65: M-U7D2S04V.005, | Q65: Done by NW | R65: Done by NW | T65: Conv-B DONE | U65: Conv-B DONE | X65: Done by NW | AD65: Done | AE65: DONE | AG65: 20-06-2024 | AH65: 20-06-2024 | AI65: 21-06-2024 | AJ65: DONE | AK65: 16-08-2024 | AM65: 17-08-2024
A66: 65 | B66: 30681 | C66: HLC-A | D66: STBDM1061 | E66: BZA | F66: SCR | G66: HYD | H66: 44203 | J66: Nashik | K66: M-U7D2S04V.005, | Q66: Done by NW | R66: Done by NW | T66: Conv-A DONE | U66: Conv-A DONE | X66: Done by NW | AE66: DONE | AG66: 20-07-2024 | AH66: 20-07-2024 | AI66: 20-07-2024 | AJ66: DONE | AK66: 21-11-2024
A67: 66 | B67: 30681 | C67: HLC-B | D67: STB9M0991 | E67: BZA | F67: SCR | G67: HYD | H67: 44203 | J67: Nashik | K67: M-U7D2S04V.005, | Q67: Done by NW | R67: Done by NW | T67: Conv-B DONE | U67: Conv-B DONE | X67: Done by NW | AE67: DONE | AG67: 20-07-2024 | AH67: 20-07-2024 | AI67: 20-07-2024 | AJ67: DONE | AK67: 21-11-2024
A68: 67 | B68: 30668 | C68: HLC-A | D68: STB9M0996 | E68: BZA | F68: SCR | G68: HYD | H68: 43839 | J68: Nashik | K68: M-U7D2S04V.005, | Q68: Done by NW | R68: Done by NW | T68: Conv-A DONE | U68: Conv-A DONE | X68: Done by NW | AE68: DONE | AF68: 31-12-2024 | AG68: 45603 | AH68: 45603 | AI68: 45603 | AJ68: DONE | AK68: 30-12-2024 | AM68: 23-09-2024
A69: 68 | B69: 30668 | C69: HLC-B | D69: STB0M1027 | E69: BZA | F69: SCR | G69: HYD | H69: 43839 | J69: Nashik | K69: M-U7D2S04V.005, | Q69: Done by NW | R69: Done by NW | T69: Conv-B DONE | U69: Conv-B DONE | X69: Done by NW | AE69: DONE | AF69: 31-12-2024 | AG69: 45603 | AH69: 45603 | AI69: 45603 | AJ69: DONE | AK69: 30-12-2024 | AM69: 23-09-2024
A70: 69 | B70: 30667 | C70: HLC-A | D70: STBNM1048 | E70: Lallaguda | F70: SCR | G70: HYD | H70: 44381 | J70: Nashik | K70: M-U7D2S04V.005, | Q70: Done by NW | R70: Done by NW | T70: Conv-A DONE | U70: Conv-A DONE | X70: Done by NW | AD70: Done | AE70: DONE | AF70: 24-12-2024 | AG70: 29-06-2024 | AH70: 29-06-2024 | AI70: 29-06-2024 | AJ70: DONE | AK70: 24-12-2024 | AM70: 26-12-2024
A71: 70 | B71: 30667 | C71: HLC-B | D71: STBOM1026 | E71: Lallaguda | F71: SCR | G71: HYD | H71: 44381 | J71: Nashik | K71: M-U7D2S04V.005, | Q71: Done by NW | R71: Done by NW | T71: Conv-B DONE | U71: Conv-B DONE | X71: Done by NW | AD71: Done | AE71: DONE | AF71: 24-12-2024 | AG71: 29-06-2024 | AH71: 29-06-2024 | AI71: 29-06-2024 | AJ71: DONE | AK71: 24-12-2024 | AM71: 26-12-2024
A72: 71 | B72: 30317 | C72: HLC-A | D72: STBNN1166 | E72: Lallaguda | F72: SCR | G72: HYD | H72: 44357 | J72: Nashik | K72: M-U7D2S04V.005, | Q72: Done by NW | R72: Done by NW | T72: Conv-A DONE | U72: Conv-A DONE | X72: Done by NW | AE72: DONE | AF72: 45484 | AG72: 17-08-2024 | AH72: 17-08-2024 | AI72: 17-08-2024 | AJ72: DONE | AK72: 45484 | AM72: 45546
A73: 72 | B73: 30317 | C73: HLC-B | D73: STBOM1018 | E73: Lallaguda | F73: SCR | G73: HYD | H73: 44357 | J73: Nashik | K73: M-U7D2S04V.005, | Q73: Done by NW | R73: Done by NW | T73: Conv-B DONE | U73: Conv-B DONE | X73: Done by NW | AE73: DONE | AF73: 45484 | AG73: 17-08-2024 | AH73: 17-08-2024 | AI73: 17-08-2024 | AJ73: DONE | AK73: 45484 | AM73: 45546
A74: 73 | B74: 30647 | C74: HLC-A | D74: STB9M0995HLCD | E74: BZA | F74: SCR | G74: HYD | H74: 21-10-2021 | J74: Nashik | K74: M-U7D2S04V.005, | Q74: Done by NW | R74: Done by NW | T74: Conv-A DONE | U74: Conv-A DONE | X74: Done by NW | AG74: 45329 | AH74: 45329 | AI74: 45329 | AJ74: DONE | AK74: 14-08-2024 | AM74: 45358
A75: 74 | B75: 30647 | C75: HLC-B | D75: STB8M0898HLCD | E75: BZA | F75: SCR | G75: HYD | H75: 21-10-2021 | J75: Nashik | K75: M-U7D2S04V.005, | Q75: Done by NW | R75: Done by NW | T75: Conv-B DONE | U75: Conv-B DONE | X75: Done by NW | AG75: 45329 | AH75: 45329 | AI75: 45329 | AJ75: DONE | AK75: 14-08-2024 | AM75: 45358
A76: 75 | B76: 30648 | C76: HLC-A | D76: STB7M0894HLCD | E76: Lallaguda | F76: SCR | G76: HYD | H76: 16-8-2021 | J76: Nashik | K76: M-U7D2S04V.005, | Q76: Done by NW | R76: Done by NW | T76: Conv-A DONE | U76: Conv-A DONE | X76: Done by NW | AE76: DONE | AF76: 45359 | AG76: 45299 | AH76: 45299 | AI76: 45330 | AJ76: DONE | AK76: 45359 | AM76: 45359
A77: 76 | B77: 30648 | C77: HLC-B | D77: STB7M0895HLCD | E77: Lallaguda | F77: SCR | G77: HYD | H77: 16-8-2021 | J77: Nashik | K77: M-U7D2S04V.005, | Q77: Done by NW | R77: Done by NW | T77: Conv-B DONE | U77: Conv-B DONE | X77: Done by NW | AE77: DONE | AF77: 45359 | AG77: 45299 | AH77: 45299 | AI77: 45330 | AJ77: DONE | AK77: 45359 | AM77: 45359
A78: 77 | B78: 30659 | C78: HLC-A | D78: STBNM1042HLCD | E78: Lallaguda | F78: SCR | G78: HYD | H78: 44450 | J78: Nashik | K78: M-U7D2S04V.005, | Q78: Done by NW | R78: Done by NW | T78: Conv-A DONE | U78: Conv-A DONE | X78: Done by NW | AD78: Done | AE78: DONE | AF78: 25-11-2024 | AG78: 25-08-2024 | AH78: 25-08-2024 | AI78: 24-08-2024 | AJ78: DONE | AK78: 24-08-2024 | AM78: 27-08-2024
A79: 78 | B79: 30659 | C79: HLC-B | D79: STBNM1043HLCD | E79: Lallaguda | F79: SCR | G79: HYD | H79: 44450 | J79: Nashik | K79: M-U7D2S04V.005, | Q79: Done by NW | R79: Done by NW | T79: Conv-B DONE | U79: Conv-B DONE | X79: Done by NW | AD79: Done | AE79: DONE | AF79: 25-11-2024 | AG79: 25-08-2024 | AH79: 25-08-2024 | AI79: 24-08-2024 | AJ79: DONE | AK79: 24-08-2024 | AM79: 27-08-2024
A80: 79 | B80: 30664 | C80: HLC-A | D80: STB0M1025HLCD | E80: Lallaguda | F80: SCR | G80: HYD | H80: 44440 | J80: Nashik | K80: M-U7D2S04V.005, | Q80: Done by NW | R80: Done by NW | T80: Conv-A DONE | U80: Conv-A DONE | X80: Done by NW | AD80: Done | AE80: DONE | AF80: 22-11-2024 | AG80: 13-08-2024 | AH80: 13-08-2024 | AI80: 13-08-2024 | AJ80: DONE | AK80: 22-11-2024 | AM80: 21-11-2024
A81: 80 | B81: 30664 | C81: HLC-B | D81: STB0M1024HLCD | E81: Lallaguda | F81: SCR | G81: HYD | H81: 44440 | J81: Nashik | K81: M-U7D2S04V.005, | Q81: Done by NW | R81: Done by NW | T81: Conv-B DONE | U81: Conv-B DONE | X81: Done by NW | AD81: Done | AE81: DONE | AF81: 22-11-2024 | AG81: 13-08-2024 | AH81: 13-08-2024 | AI81: 13-08-2024 | AJ81: DONE | AK81: 22-11-2024 | AM81: 21-11-2024
A82: 81 | B82: 30685 | C82: HLC-A | D82: STB8M0951HLCD | E82: Lallaguda | F82: SCR | G82: HYD | H82: 44480 | J82: Nashik | K82: M-U7D2S04V.005, | Q82: Done by NW | R82: Done by NW | T82: Conv-A DONE | U82: Conv-A DONE | X82: Done by NW | AD82: Done | AE82: DONE | AG82: 45389 | AH82: 45389 | AI82: 45389 | AJ82: DONE | AK82: 45389 | AM82: 27-11-2024
A83: 82 | B83: 30685 | C83: HLC-B | D83: STB8M0914HLCD | E83: Lallaguda | F83: SCR | G83: HYD | H83: 44480 | J83: Nashik | K83: M-U7D2S04V.005, | Q83: Done by NW | R83: Done by NW | T83: Conv-B DONE | U83: Conv-B DONE | X83: Done by NW | AD83: Done | AE83: DONE | AG83: 45389 | AH83: 45389 | AI83: 45389 | AJ83: DONE | AK83: 45389 | AM83: 27-11-2024
A84: 83 | B84: 30691 | C84: HLC-A | E84: Lallaguda | F84: SCR | G84: HYD | H84: 27-9-2021 | J84: Nashik | K84: M-U7D2S04V.005, | Q84: Done by NW | R84: Done by NW | T84: Conv-A DONE | U84: Conv-A DONE | X84: Done by NW | AD84: Done | AE84: DONE | AF84: 45391 | AG84: 45331 | AH84: 45331 | AI84: 45391 | AJ84: DONE | AK84: 45391 | AM84: 45331
A85: 84 | B85: 30691 | C85: HLC-B | D85: STBM0888HLCD | E85: Lallaguda | F85: SCR | G85: HYD | H85: 27-9-2021 | J85: Nashik | K85: M-U7D2S04V.005, | Q85: Done by NW | R85: Done by NW | T85: Conv-B DONE | U85: Conv-B DONE | X85: Done by NW | AD85: Done | AE85: DONE | AF85: 45391 | AG85: 45331 | AH85: 45331 | AI85: 45391 | AJ85: DONE | AK85: 45391 | AM85: 45331
A86: 85 | B86: 30724 | C86: HLC-A | D86: STB8M0939HLCD | E86: Lallaguda | F86: SCR | G86: HYD | H86: 26-3-2022 | J86: Nashik | K86: M-U7D2S04V.005, | Q86: Done by NW | R86: Done by NW | T86: Conv-A DONE | U86: Conv-A DONE | X86: Done by NW | AD86: Done | AE86: DONE | AF86: 45608 | AG86: 28-06-2024 | AH86: 28-06-2024 | AI86: 29-06-2024 | AJ86: DONE | AK86: 45608 | AM86: 45638
A87: 86 | B87: 30724 | C87: HLC-B | D87: STB8M0938HLCD | E87: Lallaguda | F87: SCR | G87: HYD | H87: 26-3-2022 | J87: Nashik | K87: M-U7D2S04V.005, | Q87: Done by NW | R87: Done by NW | T87: Conv-B DONE | U87: Conv-B DONE | X87: Done by NW | AD87: Done | AE87: DONE | AF87: 45608 | AG87: 28-06-2024 | AH87: 28-06-2024 | AI87: 29-06-2024 | AJ87: DONE | AK87: 45608 | AM87: 45638
A88: 87 | B88: 30774 | C88: HLC-A | D88: STBNN1163HLCD | E88: Lallaguda | F88: SCR | G88: HYD | H88: 44721 | J88: Nashik | K88: M-U7D2S04V.005, | Q88: Done by NW | R88: Done by NW | T88: Conv-A DONE | U88: Conv-A DONE | X88: Done by NW | AD88: Done | AE88: DONE | AF88: DONE | AG88: 27-08-2024 | AH88: 27-08-2024 | AI88: 21-06-2024 | AJ88: DONE | AK88: 45690 | AM88: 23.5.25
A89: 88 | B89: 30774 | C89: HLC-B | D89: STBNN1162HLCD | E89: Lallaguda | F89: SCR | G89: HYD | H89: 44721 | J89: Nashik | K89: M-U7D2S04V.005, | Q89: Done by NW | R89: Done by NW | T89: Conv-B DONE | U89: Conv-B DONE | X89: Done by NW | AD89: Done | AE89: DONE | AF89: DONE | AG89: 27-08-2024 | AH89: 27-08-2024 | AI89: 21-06-2024 | AJ89: DONE | AK89: 45690 | AM89: 23.5.25
A90: 89 | B90: 30778 | C90: HLC-A | D90: STBNN1160HLCD | E90: Lallaguda | F90: SCR | G90: HYD | H90: 23-5-2022 | J90: Nashik | K90: M-U7D2S04V.005, | Q90: Done by NW | R90: Done by NW | T90: Conv-A DONE | U90: Conv-A DONE | X90: Done by NW | AD90: Done | AE90: DONE | AG90: 45542 | AH90: 45542 | AI90: 45511 | AJ90: DONE | AK90: 45511 | AM90: 15.4.25
A91: 90 | B91: 30778 | C91: HLC-B | D91: STBNN1161HLCD | E91: Lallaguda | F91: SCR | G91: HYD | H91: 23-5-2022 | J91: Nashik | K91: M-U7D2S04V.005, | Q91: Done by NW | R91: Done by NW | T91: Conv-B DONE | U91: Conv-B DONE | X91: Done by NW | AD91: Done | AE91: DONE | AG91: 45542 | AH91: 45542 | AI91: 45511 | AJ91: DONE | AK91: 45511 | AM91: 15.4.25
A92: 91 | B92: 39516 | C92: HLC-A | D92: NO | E92: BZA | F92: SCR | G92: HYD | H92: NO | J92: Nashik | K92: M-U7D2S04V.005, | Q92: Done by NW | R92: Done by NW | T92: Conv-A DONE | U92: Conv-A DONE | X92: Done by NW | AD92: N/A | AE92: N/A | AF92: N/A | AG92: N/A | AH92: N/A | AI92: N/A | AJ92: N/A | AK92: N/A | AL92: N/A | AM92: N/A
A93: 92 | B93: 39516 | C93: HLC-B | D93: NO | E93: BZA | F93: SCR | G93: HYD | H93: NO | J93: Nashik | K93: M-U7D2S04V.005, | Q93: Done by NW | R93: Done by NW | T93: Conv-B DONE | U93: Conv-B DONE | X93: Done by NW | AD93: N/A | AE93: N/A | AF93: N/A | AG93: N/A | AH93: N/A | AI93: N/A | AJ93: N/A | AK93: N/A | AL93: N/A | AM93: N/A
A94: 93 | B94: 30337 | C94: HLC-A | D94: STBNN1167HLCD | E94: Lallaguda | F94: SCR | G94: HYD | H94: 25-7-2022 | J94: Nashik | K94: M-U7D2S04V.005, | Q94: Done by NW | R94: Done by NW | T94: Conv-A DONE | U94: Conv-A DONE | X94: Done by NW | AD94: Done | AE94: DONE | AF94: 29-11-2024 | AG94: 45330 | AH94: 45330 | AI94: 45330 | AJ94: DONE | AK94: 14-12-2024 | AM94: 16-12-2024
A95: 94 | B95: 30337 | C95: HLC-B | D95: STB0M1021HLCD | E95: Lallaguda | F95: SCR | G95: HYD | H95: 25-7-2022 | J95: Nashik | K95: M-U7D2S04V.005, | Q95: Done by NW | R95: Done by NW | T95: Conv-B DONE | U95: Conv-B DONE | X95: Done by NW | AD95: Done | AE95: DONE | AF95: 29-11-2024 | AG95: 45330 | AH95: 45330 | AI95: 45330 | AJ95: DONE | AK95: 14-12-2024 | AM95: 16-12-2024
A96: 95 | B96: 30338 | C96: HLC-A | D96: STB0M1020HLCD | E96: Lallaguda | F96: SCR | G96: HYD | H96: 16-8-2022 | J96: Nashik | K96: M-U7D2S04V.005, | Q96: Done by NW | R96: Done by NW | T96: Conv-B DONE | U96: Conv-B DONE | X96: Done by NW | AD96: Done | AE96: DONE | AF96: 45423 | AG96: 45298 | AH96: 45298 | AI96: 26-06-2024 | AJ96: DONE | AK96: 26-06-2024 | AM96: 28-06-2024
A97: 96 | B97: 30338 | C97: HLC-B | D97: STBOM1019HLCD | E97: Lallaguda | F97: SCR | G97: HYD | H97: 16-8-2022 | J97: Nashik | K97: M-U7D2S04V.005, | Q97: Done by NW | R97: Done by NW | T97: Conv-B DONE | U97: Conv-B DONE | X97: Done by NW | AD97: Done | AE97: DONE | AF97: 45423 | AG97: 45298 | AH97: 45298 | AI97: 26-06-2024 | AJ97: DONE | AK97: 26-06-2024 | AM97: 28-06-2024
A98: 97 | B98: 30259 | C98: HLC-A | D98: STBNN1164HLCD | E98: Lallaguda | F98: SCR | G98: HYD | H98: 14-08-2022 | AD98: Done | AE98: DONE | AG98: 45389 | AH98: 45389 | AI98: 45389 | AJ98: DONE | AK98: 19-09-2024 | AM98: 17-09-2024
A99: 98 | B99: 30259 | C99: HLC-B | D99: STBNN1165HLCD | E99: Lallaguda | F99: SCR | G99: HYD | H99: 14-08-2022 | AD99: Done | AE99: DONE | AG99: 45389 | AH99: 45389 | AI99: 45389 | AJ99: DONE | AK99: 19-09-2024 | AM99: 17-09-2024
A100: 99 | B100: 30262 | C100: HLC-A | D100: STB4P1283HLCD | E100: Lallaguda | F100: SCR | G100: HYD | H100: 23-9-2022 | AD100: Done | AE100: DONE | AF100: 45544 | AG100: 45574 | AH100: 45574 | AI100: 45544 | AJ100: DONE | AK100: 45544 | AM100: 45605
...

Sheet Hyderabad Summary
A1: Loco no. | B1: (All)
A3: Row Labels | B3: Total Panel | C3: Software version in Conv | D3: Software version of Text display | E3: Removal of metal short link from M9000 with wire | F3: Replacement of 10 amp fuse with 20 amp | G3: Shifting of wires on O/P contactor | H3: External earth fault wire | I3: Shifting of wire of output voltage available lamp | J3: Sealing of cable entry of panel | K3: Sealing of main fan plate (On which DC-DC converter installed) | L3: Input choke change | M3: Control fuse 6.5amp to 15amp | N3: Display button | O3: DC link bus bar supporter | P3: Count of New Software version (UAT2Y44O.012) of display updation *DATE* | Q3: Count of Sine Filter Capacitor washer fitment and tightness of connection *DATE* | R3: Count of Software version in Conv (200622) (Master) Y6U2N04V.006 (Module) Y6U2N240.005 *DATE* | S3: Count of Heat Sink Cleaning *Date* | T3: Count of I/P contactor SILICON washer | U3: Count of Steel mesh on cyclonic filter on looc wall
A4: BZA | B4: 44 | C4: 17 | D4: 17 | E4: 32 | F4: 32 | H4: 32 | I4: 32 | K4: 1 | L4: 4 | M4: 12 | N4: 22 | O4: 18 | P4: 44 | Q4: 44 | R4: 44 | S4: 32 | T4: 2 | U4: 32
A5: Lallaguda | B5: 128 | C5: 33 | D5: 33 | E5: 64 | F5: 64 | G5: 3 | H5: 64 | I5: 64 | L5: 6 | M5: 50 | N5: 122 | O5: 108 | P5: 122 | Q5: 122 | R5: 122 | S5: 76 | U5: 84
A6: (blank)
A7: Grand Total | B7: 172 | C7: 50 | D7: 50 | E7: 96 | F7: 96 | G7: 3 | H7: 96 | I7: 96 | K7: 1 | L7: 10 | M7: 62 | N7: 144 | O7: 126 | P7: 166 | Q7: 166 | R7: 166 | S7: 108 | T7: 2 | U7: 116

Sheet Detail2
A1: Details for Count of Software version in Conv (200622) (Master) Y6U2N04V.006 (Module) Y6U2N240.005 *DATE* - Base Shed: Raipuram
A3: S.No. | B3: Loco no. | C3: HLC | D3: Serial no. of HLC | E3: Base Shed | F3: Railway | G3: Region | H3: DOC | I3: serial no. | J3: Type of Text display | K3: Software version in Conv | L3: Software version in Conv (Master) U7D2S04V.005 (Module) U7F2S240.005 *DATE* | M3: Software version of display | N3: Software version (UAT2Y44O.012) of display updation *DATE* | O3: Filter clean *DATE* | P3: Filter Change *DATE* | Q3: Removal of metal shortlink from M9000 with wire | R3: Replacement of 10 amp fuse with 20amp | S3: Shifting of wires on O/P contactor | T3: External earth fault wire modification | U3: Shifting of wires of output voltage available lamp | V3: Sealing of cable entry of panel | W3: Sealing of main fan plate (On which DC-DC converter installed) | X3: Mounting of 110 volt DC fan on PWR | Y3: Air leakage status in duct at the back of the converter | Z3: FG block removal from bottom of input choke | AA3: Surge arrestor fitment | AB3: Input choke change (mention sr.no. of new choke_ | AC3: O/P choke change (mention sr.no. of new choke_ | AD3: Control fuse 6.5amp to 15amp (Glass fuse) | AE3: Display button | AF3: DC link bus bar supporter | AG3: Software version in Conv (200622) (Master) Y6U2N04V.006 (Module) Y6U2N240.005 *DATE* | AH3: New Software version (UAT2Y44O.012) of display updation *DATE* | AI3: Sine Filter Capacitor washer fitment and tightness of connection *DATE* | AJ3: ELR setting to check (1amp /10 sec) | AK3: Heat Sink Cleaning *Date* | AL3: I/P contactor SILICON washer | AM3: Steel mesh on cyclonic filter on looc wall
A4: 83 | B4: 30597 | C4: HLC-A | D4: STB6J0110HLCD | E4: Raipuram | F4: SR | G4: CHE | H4: 43053 | I4: 110 | J4: Nashik | K4: M-U7D2S04V.005, MO-U7F2S240.005 | L4: 44335 | M4: UAT2Y440.012 | N4: 44464 | O4: 45310 | R4: Conv-A DONE | T4: Conv-A DONE | Z4: Conv-A DONE | AD4: Conv-A DONE | AF4: Conv-A DONE | AG4: 45464 | AH4: Done | AI4: 45209 | AJ4: Done
A5: 84 | B5: 30597 | C5: HLC-B | D5: STB6J0113HLCD | E5: Raipuram | F5: SR | G5: CHE | H5: 43053 | I5: 113 | J5: Nashik | K5: M-U7D2S04V.005, MO-U7F2S240.005 | L5: 44335 | M5: UAT2Y440.012 | N5: 44464 | O5: 45310 | R5: Conv-B DONE | T5: Conv-B DONE | Z5: Conv-B DONE | AD5: Conv-B DONE | AF5: Conv-B DONE | AG5: 45464 | AH5: Done | AI5: 45209 | AJ5: Done
A6: 91 | B6: 37069 | C6: HLC-A | D6: STB6K0254HLCD | E6: Raipuram | F6: SR | G6: CHE | H6: 43461 | I6: 254 | J6: Nashik | K6: M-U7D2S04V.005, MO-U7F2S240.005 | L6: 44270 | M6: UAT2Y440.012 | N6: 44270 | O6: 45286 | P6: 45049 | R6: Conv-A DONE | T6: Conv-A DONE | U6: Conv-A DONE | Y6: Conv-A DONE | Z6: Conv-A DONE | AD6: Conv-A DONE | AF6: Conv-A DONE | AG6: 45465 | AH6: Done | AI6: 45194 | AJ6: Done
A7: 92 | B7: 37069 | C7: HLC-B | D7: STB7K0264HLCD | E7: Raipuram | F7: SR | G7: CHE | H7: 43461 | I7: 264 | J7: Nashik | K7: M-U7D2S04V.005, MO-U7F2S240.005 | L7: 44270 | M7: UAT2Y440.012 | N7: 44270 | O7: 45286 | P7: 45049 | R7: Conv-B DONE | T7: Conv-B DONE | U7: Conv-B DONE | Y7: Conv-B DONE | Z7: Conv-B DONE | AD7: Conv-B DONE | AF7: Conv-B DONE | AG7: 45465 | AH7: Done | AI7: 45194 | AJ7: Done
A8: 99 | B8: 37203 | C8: HLC-A | D8: STB5L0496HLCD | E8: Raipuram | F8: SR | G8: CHE | H8: 43638 | I8: 496 | J8: Nashik | K8: M-U7D2S04V.005, MO-U7F2S240.005 | L8: 44291 | M8: UAT2Y440.012 | N8: 44196 | O8: 45309 | R8: Conv-A DONE | T8: Conv-A DONE | U8: Conv-A DONE | Y8: Conv-A DONE | Z8: Conv-A DONE | AD8: Conv-A DONE | AF8: Conv-A DONE | AG8: 45465 | AH8: Done | AI8: 45211 | AJ8: Done
A9: 100 | B9: 37203 | C9: HLC-B | D9: STB4L0471HLCD | E9: Raipuram | F9: SR | G9: CHE | H9: 43638 | I9: 471 | J9: Nashik | K9: M-U7D2S04V.005, MO-U7F2S240.005 | L9: 44291 | M9: UAT2Y440.012 | N9: 44196 | O9: 45309 | R9: Conv-B DONE | T9: Conv-B DONE | U9: Conv-B DONE | Y9: Conv-B DONE | Z9: Conv-B DONE | AD9: Conv-B DONE | AG9: 45465 | AH9: Done | AI9: 45211 | AJ9: Done
A10: 105 | B10: 37208 | C10: HLC-A | D10: STB5L0499HLCD | E10: Raipuram | F10: SR | G10: CHE | H10: 43641 | I10: 499 | J10: Nashik | K10: M-U7D2S04V.005, MO-U7F2S240.005 | L10: 44250 | M10: UAT2Y440.012 | N10: 44188 | O10: 45114 | R10: Conv-A DONE | T10: Conv-A DONE | U10: Conv-A DONE | Y10: Conv-A DONE | Z10: Conv-A DONE | AD10: Conv-A DONE | AF10: Conv-A DONE | AG10: 45465 | AI10: 45206 | AJ10: Done | AM10: 45467
A11: 106 | B11: 37208 | C11: HLC-B | D11: STB5L0519HLCD | E11: Raipuram | F11: SR | G11: CHE | H11: 43641 | I11: 519 | J11: Nashik | K11: M-U7D2S04V.005, MO-U7F2S240.005 | L11: Done | M11: UAT2Y440.012 | N11: 44375 | O11: 45114 | Q11: Done by NW | R11: Conv-B DONE | T11: Conv-B DONE | Y11: Conv-B DONE | Z11: Conv-B DONE | AD11: Conv-B DONE | AF11: Conv-B DONE | AG11: 45465 | AI11: 45206 | AJ11: Done | AM11: 45467
A12: 124 | B12: 39082 | C12: HLC-B | D12: STB4L0486HLCD | E12: Raipuram | F12: SR | G12: CHE | H12: 43686 | I12: 486 | J12: Nashik | K12: M-U7D2S04V.005, MO-U7F2S240.005 | L12: 44246 | M12: UAT2Y440.012 | N12: 44199 | R12: Conv-B DONE | T12: Conv-B DONE | U12: Conv-B DONE | Z12: Conv-B DONE | AD12: Conv-B DONE | AF12: Conv-B DONE | AG12: 45468 | AI12: 45168 | AJ12: Done
A13: 123 | B13: 39082 | C13: HLC-A | D13: STB4L0488HLCD | E13: Raipuram | F13: SR | G13: CHE | H13: 43686 | I13: 488 | J13: Nashik | K13: M-U7D2S04V.005, MO-U7F2S240.005 | L13: 44246 | M13: UAT2Y440.012 | N13: 44199 | R13: Conv-A DONE | T13: Conv-A DONE | U13: Conv-A DONE | Z13: Conv-A DONE | AB13: EL19J04040 | AD13: Conv-A DONE | AF13: Conv-A DONE | AG13: 45468 | AI13: 45168 | AJ13: Done
B14: 30410 | C14: HLC-B | D14: STB9P1345HLCD | E14: Raipuram | F14: SR | G14: CHE | H14: 45300 | I14: 1345 | J14: Nashik | M14: Done by NW | N14: Done by NW | O14: Done by NW | P14: Done by NW | Q14: Done by NW | T14: Done by NW | V14: Done by NW | Z14: Done by NW | AB14: Done by NW | AE14: 45300 | AF14: 1amp/10 sec | AG14: 45469 | AJ14: Done
A15: 196 | B15: 30410 | C15: HLC-A | D15: STB9P1356HLCD | E15: Raipuram | F15: SR | G15: CHE | H15: 45300 | I15: 1356 | J15: Nashik | M15: Done by NW | N15: Done by NW | O15: Done by NW | P15: Done by NW | Q15: Done by NW | T15: Done by NW | V15: Done by NW | Z15: Done by NW | AB15: Done by NW | AE15: 45300 | AF15: 1amp/10 sec | AG15: 45469 | AJ15: Done
B16: 30367 | C16: HLC-B | D16: STBDP1386HLCD | E16: Raipuram | F16: SR | G16: CHE | H16: 45005 | I16: 1386 | J16: Nashik | O16: 45289 | Q16: Done by NW | R16: Done by NW | S16: Done by NW | T16: Done by NW | U16: Done by NW | X16: Done by NW | Z16: Done by NW | AD16: Done by NW | AF16: Done by NW | AG16: 45469 | AI16: 45196 | AJ16: Done
A17: 181 | B17: 30367 | C17: HLC-A | D17: STBDP1388HLCD | E17: Raipuram | F17: SR | G17: CHE | H17: 45005 | I17: 1388 | J17: Nashik | O17: 45289 | Q17: Done by NW | R17: Done by NW | S17: Done by NW | T17: Done by NW | U17: Done by NW | X17: Done by NW | Z17: Done by NW | AD17: Done by NW | AF17: Done by NW | AG17: 45469 | AI17: 45196 | AJ17: Done
A18: 146 | B18: 30350 | C18: HLC-B | D18: STB4N1118HLCD | E18: Raipuram | F18: SR | G18: CHE | I18: 1118 | J18: Nashik | K18: M-U7D2S04V.005, MO-U7F2S240.005 | L18: Done by NW | M18: UAT2Y440.012 | N18: Done by NW | O18: 45289 | Q18: Done by NW | R18: Done by NW | S18: Done by NW | T18: Conv-B DONE | U18: Conv-B DONE | X18: Done by NW | Y18: Conv-B DONE | Z18: Conv-B DONE | AD18: Conv-B DONE | AF18: Conv-B DONE | AG18: 45469 | AH18: Done | AI18: 45198 | AJ18: Done | AM18: 45463
A19: 145 | B19: 30350 | C19: HLC-A | D19: STB4N1120HLCD | E19: Raipuram | F19: SR | G19: CHE | I19: 1120 | J19: Nashik | K19: M-U7D2S04V.005, MO-U7F2S240.005 | L19: Done by NW | M19: UAT2Y440.012 | N19: Done by NW | O19: 45289 | Q19: Done by NW | R19: Done by NW | S19: Done by NW | T19: Conv-A DONE | U19: Conv-A DONE | X19: Done by NW | Y19: Conv-A DONE | Z19: Conv-A DONE | AD19: Conv-A DONE | AF19: Conv-A DONE | AG19: 45469 | AH19: Done | AI19: 45198 | AJ19: Done | AM19: 45463
A20: 128 | B20: 39121 | C20: HLC-B | D20: STBOL0675HLCD | E20: Raipuram | F20: SR | G20: CHE | H20: 43840 | I20: 675 | J20: Nashik | K20: M-U7D2S04V.005, MO-U7F2S240.005 | L20: 44551 | M20: UAT2Y440.012 | N20: 44643 | O20: 45072 | Q20: Done by NW | R20: Done by NW | T20: Conv-B DONE | U20: Conv-B DONE | W20: Conv-B DONE | Z20: Conv-B DONE | AD20: Conv-B DONE | AF20: Conv-B DONE | AG20: 45469
A21: 127 | B21: 39121 | C21: HLC-A | D21: STBOL0670HLCD | E21: Raipuram | F21: SR | G21: CHE | H21: 43840 | I21: 670 | J21: Nashik | K21: M-U7D2S04V.005, MO-U7F2S240.005 | L21: 44551 | M21: UAT2Y440.012 | N21: 44549 | O21: 45072 | Q21: Done by NW | R21: Done by NW | T21: Conv-A DONE | U21: Conv-A DONE | W21: Conv-A DONE | Z21: Conv-A DONE | AD21: Conv-A DONE | AF21: Conv-A DONE | AG21: 45469
A22: 136 | B22: 37581 | C22: HLC-A | D22: STBDL0757HLCD | E22: Raipuram | F22: SR | G22: CHE | H22: 44334 | I22: 757 | J22: Nashik | K22: M-U7D2S04V.005, MO-U7F2S240.005 | L22: Done | M22: UAT2Y440.012 | N22: Done by NW | O22: 45145 | Q22: Done by NW | R22: Done by NW | T22: Conv-B DONE | U22: Conv-B DONE | Z22: Conv-B DONE | AD22: Conv-B DONE | AG22: 45470 | AH22: Done | AI22: 45232 | AJ22: Done
A23: 135 | B23: 37581 | C23: HLC-B | D23: STBDL0755HLCD | E23: Raipuram | F23: SR | G23: CHE | H23: 44334 | I23: 755 | J23: Nashik | K23: M-U7D2S04V.005, MO-U7F2S240.005 | L23: Done | M23: UAT2Y440.012 | N23: Done by NW | O23: 45145 | Q23: Done by NW | R23: Done by NW | T23: Conv-A DONE | U23: Conv-A DONE | Z23: Conv-A DONE | AD23: Conv-A DONE | AG23: 45470 | AH23: Done | AI23: 45232 | AJ23: Done
A24: 71 | B24: 30475 | C24: HLC-A | D24: STBDF0047HLCA | E24: Raipuram | F24: SR | G24: CHE | H24: 42511 | I24: 47 | J24: Imported | K24: M-U7D2S04V.005, MO-U7F2S240.005 | L24: 44168 | M24: L3I2ZY72.008 | N24: Done | O24: 45281 | R24: Conv-A DONE | T24: Conv-A DONE | Y24: Conv-A DONE | Z24: Conv-A DONE | AD24: Conv-A DONE | AG24: 45470 | AH24: Done | AI24: 45192 | AJ24: Done
A25: 72 | B25: 30475 | C25: HLC-B | D25: STBDF0048HLCA | E25: Raipuram | F25: SR | G25: CHE | H25: 42511 | I25: 48 | J25: Imported | K25: M-U7D2S04V.005, MO-U7F2S240.005 | L25: 44168 | M25: L3I2ZY72.008 | N25: Done | O25: 45281 | R25: Conv-B DONE | T25: Conv-B DONE | Y25: Conv-B DONE | Z25: Conv-B DONE | AD25: Conv-B DONE | AG25: 45470 | AH25: Done | AI25: 45192 | AJ25: Done
A26: 81 | B26: 30545 | C26: HLC-A | D26: STB9H0083HLCC | E26: Raipuram | F26: SR | G26: CHE | H26: 42886 | I26: 83 | J26: Imported | K26: M-U7D2S04V.005, MO-U7F2S240.005 | L26: 44176 | M26: UAT2Y440.012 | N26: 44196 | O26: 45286 | P26: 44663 | R26: Conv-A DONE | T26: Conv-A DONE | Y26: Conv-A DONE | Z26: Conv-A DONE | AD26: Conv-A DONE | AG26: 45470 | AH26: Done | AI26: 45192 | AJ26: Done
A27: 82 | B27: 30545 | C27: HLC-B | D27: STB9H0082HLCC | E27: Raipuram | F27: SR | G27: CHE | H27: 42886 | I27: 82 | J27: Imported | K27: M-U7D2S04V.005, MO-U7F2S240.005 | L27: 44176 | M27: UAT2Y440.012 | N27: 44196 | O27: 45286 | P27: 44663 | R27: Conv-B DONE | T27: Conv-B DONE | Y27: Conv-B DONE | Z27: Conv-B DONE | AD27: Conv-B DONE | AG27: 45470 | AH27: Done | AI27: 45192 | AJ27: Done
A28: 95 | B28: 37143 | C28: HLC-A | D28: STB2L0413HLCD | E28: Raipuram | F28: SR | G28: CHE | H28: 43571 | I28: 413 | J28: Nashik | K28: M-U7D2S04V.005, MO-U7F2S240.005 | L28: 44180 | M28: UAT2Y440.012 | N28: 44180 | O28: 45148 | R28: Conv-A DONE | T28: Conv-A DONE | U28: Conv-A DONE | Y28: Conv-A DONE | Z28: Conv-A DONE | AB28: EL18K02045-R | AD28: Conv-A DONE | AF28: Conv-A DONE | AG28: 45470 | AH28: Done | AI28: 45215 | AJ28: Done
A29: 96 | B29: 37143 | C29: HLC-B | D29: STB2L0412HLCD | E29: Raipuram | F29: SR | G29: CHE | H29: 43571 | I29: 412 | J29: Nashik | K29: M-U7D2S04V.005, MO-U7F2S240.005 | L29: 44180 | M29: UAT2Y440.012 | N29: 44180 | O29: 45148 | Q29: Con-B done | R29: Conv-B DONE | T29: Conv-B DONE | U29: Conv-B DONE | Y29: Conv-B DONE | Z29: Conv-B DONE | AD29: Conv-B DONE | AF29: Conv-B DONE | AG29: 45470 | AH29: Done | AI29: 45215 | AJ29: Done
B30: 30390 | C30: HLC-B | D30: STBDP1384HLCD | E30: Raipuram | F30: SR | G30: CHE | H30: 45216 | I30: 1384 | J30: Nashik | Q30: Done by NW | R30: Done by NW | S30: Done by NW | T30: Done by NW | U30: Done by NW | X30: Done by NW | AD30: Done by NW | AF30: Done by NW | AG30: 45471 | AJ30: Done
A31: 194 | B31: 30390 | C31: HLC-A | D31: STBDP1387HLCD | E31: Raipuram | F31: SR | G31: CHE | H31: 45216 | I31: 1387 | J31: Nashik | Q31: Done by NW | R31: Done by NW | S31: Done by NW | T31: Done by NW | U31: Done by NW | X31: Done by NW | AD31: Done by NW | AF31: Done by NW | AG31: 45471 | AJ31: Done
A32: 122 | B32: 39081 | C32: HLC-B | D32: STB4L0480HLCD | E32: Raipuram | F32: SR | G32: CHE | H32: 43691 | I32: 480 | J32: Nashik | K32: M-U7D2S04V.005, MO-U7F2S240.005 | L32: 44161 | M32: UAT2Y440.012 | N32: 44182 | O32: 45080 | R32: Conv-B DONE | T32: Conv-B DONE | U32: Conv-B DONE | Y32: Conv-B DONE | Z32: Conv-B DONE | AD32: Conv-B DONE | AF32: Conv-B DONE | AG32: 45471 | AI32: 45268 | AJ32: 1amp/10 sec
A33: 121 | B33: 39081 | C33: HLC-A | D33: STB4L0485HLCD | E33: Raipuram | F33: SR | G33: CHE | H33: 43691 | I33: 485 | J33: Nashik | K33: M-U7D2S04V.005, MO-U7F2S240.005 | L33: 44161 | M33: UAT2Y440.012 | N33: 44182 | O33: 45080 | R33: Conv-A DONE | T33: Conv-A DONE | U33: Conv-A DONE | Y33: Conv-A DONE | Z33: Conv-A DONE | AD33: Conv-A DONE | AF33: Conv-A DONE | AG33: 45471 | AI33: 45268 | AJ33: 1amp/10 sec
A34: 111 | B34: 37213 | C34: HLC-A | D34: STB5L0509HLCD | E34: Raipuram | F34: SR | G34: CHE | H34: 43670 | I34: 509 | J34: Nashik | K34: M-U7D2S04V.005, MO-U7F2S240.005 | L34: 44255 | M34: UAT2Y440.012 | N34: 44199 | O34: 45310 | Q34: Done by NW | R34: Conv-A DONE | T34: Conv-A DONE | U34: Conv-A DONE | Z34: Conv-A DONE | AD34: Conv-A DONE | AF34: Conv-A DONE | AG34: 45471 | AI34: 45134 | AJ34: Done
A35: 112 | B35: 37213 | C35: HLC-B | D35: STB4L0492HLCD | E35: Raipuram | F35: SR | G35: CHE | H35: 43670 | I35: 492 | J35: Nashik | K35: M-U7D2S04V.005, MO-U7F2S240.005 | L35: 44255 | M35: UAT2Y440.012 | N35: 44199 | O35: 45310 | R35: Conv-B DONE | T35: Conv-B DONE | U35: Conv-B DONE | Z35: Conv-B DONE | AD35: Conv-B DONE | AF35: Conv-B DONE | AG35: 45471 | AI35: 45134 | AJ35: Done
A36: 115 | B36: 37514 | C36: HLC-A | D36: STB8M0925HLCD | E36: Raipuram | F36: SR | G36: CHE | H36: 44195 | I36: 925 | J36: Nashik | K36: M-U7D2S04V.005, MO-U7F2S240.005 | L36: Done by NW | M36: UAT2Y440.012 | N36: 44346 | Q36: Done by NW | R36: Done by NW | T36: Conv-A DONE | U36: Conv-A DONE | X36: Done by NW | Z36: Conv-A DONE | AD36: Conv-A DONE | AF36: Conv-A DONE | AG36: 45472 | AI36: 45227 | AJ36: Done
A37: 116 | B37: 37514 | C37: HLC-B | D37: STBDL0759HLCD | E37: Raipuram | F37: SR | G37: CHE | H37: 44195 | I37: 759 | J37: Nashik | K37: M-U7D2S04V.005, MO-U7F2S240.005 | L37: 44327 | M37: UAT2Y440.012 | N37: 44346 | Q37: Done by NW | R37: Done by NW | T37: Conv-B DONE | U37: Conv-B DONE | X37: Done by NW | Z37: Conv-B DONE | AD37: Conv-B DONE | AF37: Conv-B DONE | AG37: 45472 | AI37: 45227 | AJ37: Done
B38: 30392 | C38: HLC-B | D38: STBDN1180HLCD | E38: Raipuram | F38: SR | G38: CHE | H38: 45110 | I38: 1180 | J38: Nashik | M38: Done by NW | N38: Done by NW | Q38: Done by NW | R38: Done by NW | S38: Done by NW | T38: Done by NW | U38: Done by NW | X38: Done by NW | Z38: Done by NW | AD38: Done by NW | AF38: Done by NW | AG38: 45474 | AI38: 45204 | AJ38: Done
A39: 187 | B39: 30392 | C39: HLC-A | D39: STBOP1361HLCD | E39: Raipuram | F39: SR | G39: CHE | H39: 45110 | I39: 1361 | J39: Nashik | M39: Done by NW | N39: Done by NW | Q39: Done by NW | R39: Done by NW | S39: Done by NW | T39: Done by NW | U39: Done by NW | X39: Done by NW | Z39: Done by NW | AD39: Done by NW | AF39: Done by NW | AG39: 45474 | AI39: 45204 | AJ39: Done
B40: 37600 | C40: HLC-B | D40: STB4P1301HLCD | E40: Raipuram | F40: SR | G40: CHE | H40: 45016 | I40: 1301 | J40: Nashik | Q40: Done by NW | R40: Done by NW | S40: Done by NW | T40: Done by NW | U40: Done by NW | X40: Done by NW | Z40: Done by NW | AD40: Done by NW | AF40: Done by NW | AG40: 45474 | AI40: 45237 | AJ40: Done
A41: 183 | B41: 37600 | C41: HLC-A | D41: STB4P1295HLCD | E41: Raipuram | F41: SR | G41: CHE | H41: 45016 | I41: 1295 | J41: Nashik | Q41: Done by NW | R41: Done by NW | S41: Done by NW | T41: Done by NW | U41: Done by NW | X41: Done by NW | Z41: Done by NW | AD41: Done by NW | AF41: Done by NW | AG41: 45474 | AI41: 45237 | AJ41: Done
A42: 117 | B42: 37547 | C42: HLC-A | D42: STBOM1012HLCD | E42: Raipuram | F42: SR | G42: CHE | H42: 44285 | I42: 1012 | J42: Nashik | K42: M-U7D2S04V.005, MO-U7F2S240.005 | L42: Done by NW | M42: UAT2Y440.012 | N42: 44615 | O42: 45089 | Q42: Done by NW | R42: Done by NW | T42: Conv-A DONE | U42: Conv-A DONE | X42: Done by NW | Z42: Conv-A DONE | AD42: Conv-A DONE | AF42: Conv-A DONE | AG42: 45474 | AI42: 45092 | AJ42: Done
A43: 118 | B43: 37547 | C43: HLC-B | D43: STB8M0915HLCD | E43: Raipuram | F43: SR | G43: CHE | H43: 44285 | I43: 915 | J43: Nashik | K43: M-U7D2S04V.005, MO-U7F2S240.005 | L43: Done by NW | M43: UAT2Y440.012 | N43: 44674 | O43: 45089 | Q43: Done by NW | R43: Done by NW | T43: Conv-B DONE | U43: Conv-B DONE | X43: Done by NW | Z43: Conv-B DONE | AD43: Conv-B DONE | AF43: Conv-B DONE | AG43: 45474
A44: 75 | B44: 30479 | C44: HLC-A | D44: STB9F0030HLCB | E44: Raipuram | F44: SR | G44: CHE | H44: 42516 | I44: 30 | J44: Imported | K44: M-U7D2S04V.005, MO-U7F2S240.005 | L44: 44170 | M44: L3I2ZY72.008 | N44: Done | O44: 45084 | P44: 44683 | R44: Conv-A DONE | T44: Conv-A DONE | Y44: Conv-A DONE | Z44: Conv-A DONE | AD44: Conv-A DONE | AG44: 45475 | AH44: Done | AI44: 45205 | AJ44: Done
A45: 76 | B45: 30479 | C45: HLC-B | D45: STB9F0029HLCB | E45: Raipuram | F45: SR | G45: CHE | H45: 42516 | I45: 29 | J45: Imported | K45: M-U7D2S04V.005, MO-U7F2S240.005 | L45: 44170 | M45: L3I2ZY72.008 | N45: Done | O45: 45084 | P45: 44683 | R45: Conv-B DONE | T45: Conv-B DONE | Y45: Conv-B DONE | Z45: Conv-B DONE | AD45: Conv-B DONE | AG45: 45475 | AH45: Done | AI45: 45205 | AJ45: Done
B46: 30419 | C46: HLC-B | D46: STB9P1346HLCD | E46: Raipuram | F46: SR | G46: CHE | H46: 45192 | I46: 1346 | J46: Nashik | Q46: Done by NW | R46: Done by NW | S46: Done by NW | T46: Done by NW | U46: Done by NW | X46: Done by NW | AD46: Done by NW | AF46: Done by NW | AG46: 45476 | AI46: 45192 | AJ46: Done
A47: 193 | B47: 30419 | C47: HLC-A | D47: STB9P1357HLCD | E47: Raipuram | F47: SR | G47: CHE | H47: 45192 | I47: 1357 | J47: Nashik | Q47: Done by NW | R47: Done by NW | S47: Done by NW | T47: Done by NW | U47: Done by NW | X47: Done by NW | AD47: Done by NW | AF47: Done by NW | AG47: 45476 | AI47: 45192 | AJ47: Done
A48: 144 | B48: 30562 | C48: HLC-B | D48: STB4N1117HLCD | E48: Raipuram | F48: SR | G48: CHE | H48: 44715 | I48: 1117 | J48: Nashik | K48: M-U7D2S04V.005, MO-U7F2S240.005 | L48: Done by NW | M48: UAT2Y440.012 | N48: Done by NW | O48: 45086 | Q48: Done by NW | R48: Done by NW | S48: Done by NW | T48: Conv-B DONE | U48: Conv-B DONE | X48: Done by NW | Y48: Conv-B DONE | Z48: Conv-B DONE | AD48: Conv-B DONE | AF48: Conv-B DONE | AG48: 45476 | AH48: Done | AI48: 45260 | AJ48: Done | AK48: 45469 | AM48: 45470
A49: 143 | B49: 30562 | C49: HLC-A | D49: STB4N1116HLCD | E49: Raipuram | F49: SR | G49: CHE | H49: 44715 | I49: 1116 | J49: Nashik | K49: M-U7D2S04V.005, MO-U7F2S240.005 | L49: Done by NW | M49: UAT2Y440.012 | N49: Done by NW | O49: 45086 | Q49: Done by NW | R49: Done by NW | S49: Done by NW | T49: Conv-A DONE | U49: Conv-A DONE | X49: Done by NW | Y49: Conv-A DONE | Z49: Conv-A DONE | AD49: Conv-A DONE | AF49: Conv-A DONE | AG49: 45476 | AH49: Done | AI49: 45260 | AJ49: Done | AK49: 45469 | AM49: 45470
B50: 30332 | D50: STB6R1487HLCD | E50: Raipuram | F50: SR | G50: CHE | H50: 45437 | I50: 1487 | J50: Nashik | Q50: Done by NW | R50: Done by NW | S50: Done by NW | T50: Done by NW | U50: Done by NW | X50: Done by NW | AD50: Done by NW | AF50: Done by NW | AG50: 45477 | AH50: Done | AI50: Done by NW | AJ50: Done
A51: 200 | B51: 30332 | D51: STB6R1490HLCD | E51: Raipuram | F51: SR | G51: CHE | H51: 45437 | I51: 1490 | J51: Nashik | Q51: Done by NW | R51: Done by NW | S51: Done by NW | T51: Done by NW | U51: Done by NW | X51: Done by NW | AD51: Done by NW | AF51: Done by NW | AG51: 45477 | AH51: Done | AI51: Done by NW | AJ51: Done
B52: 30420 | D52: STB7R1492HLCD | E52: Raipuram | F52: SR | G52: CHE | H52: 45332 | I52: 1492 | J52: Nashik | Q52: Done by NW | R52: Done by NW | S52: Done by NW | T52: Done by NW | U52: Done by NW | X52: Done by NW | AD52: Done by NW | AF52: Done by NW | AG52: 45477 | AH52: Done | AI52: Done by NW | AJ52: Done
A53: 199 | B53: 30420 | D53: STB7R1493HLCD | E53: Raipuram | F53: SR | G53: CHE | H53: 45332 | I53: 1493 | J53: Nashik | Q53: Done by NW | R53: Done by NW | S53: Done by NW | T53: Done by NW | U53: Done by NW | X53: Done by NW | AD53: Done by NW | AF53: Done by NW | AG53: 45477 | AH53: Done | AI53: Done by NW | AJ53: Done
A54: 65 | B54: 37563 | C54: HLC-A | D54: STB7M0865HLCD | E54: Raipuram | F54: SR | G54: CHE | H54: 44291 | I54: 865 | J54: Nashik | K54: M-U7D2S04V.005, MO-U7F2S240.005 | L54: Done by NW | M54: UAT2Y440.012 | N54: Done | P54: 45458 | Q54: Done by NW | R54: Done by NW | T54: Conv-A DONE | X54: Done by NW | Z54: Conv-A DONE | AD54: Conv-A DONE | AF54: Conv-A DONE | AG54: 45477 | AH54: Done | AI54: 45119 | AJ54: Done
A55: 66 | B55: 37563 | C55: HLC-B | D55: STB7M0864HLCD | E55: Raipuram | F55: SR | G55: CHE | H55: 44291 | I55: 864 | J55: Nashik | K55: M-U7D2S04V.005, MO-U7F2S240.005 | L55: Done by NW | M55: UAT2Y440.012 | N55: Done | P55: 45458 | Q55: Done by NW | R55: Done by NW | T55: Conv-B DONE | X55: Done by NW | Z55: Conv-B DONE | AD55: Conv-B DONE | AF55: Conv-B DONE | AG55: 45477 | AH55: Done | AI55: 45119 | AJ55: Done
A56: 93 | B56: 37114 | C56: HLC-A | D56: STB0K0317HLCD | E56: Raipuram | F56: SR | G56: CHE | H56: 43542 | I56: 317 | J56: Nashik | K56: M-U7D2S04V.005, MO-U7F2S240.005 | L56: 44191 | M56: UAT2Y440.012 | N56: 44191 | P56: 44735 | R56: Conv-A DONE | T56: Conv-A DONE | U56: Conv-A DONE | Y56: Conv-A DONE | Z56: Conv-A DONE | AD56: Conv-A DONE | AF56: Conv-A DONE | AG56: 45478 | AH56: Done | AI56: 45176 | AJ56: Done
A57: 94 | B57: 37114 | C57: HLC-B | D57: STB0K0316HLCD | E57: Raipuram | F57: SR | G57: CHE | H57: 43542 | I57: 316 | J57: Nashik | K57: M-U7D2S04V.005, MO-U7F2S240.005 | L57: 44191 | M57: UAT2Y440.012 | N57: 44191 | P57: 44735 | R57: Conv-B DONE | T57: Conv-B DONE | U57: Conv-B DONE | Y57: Conv-B DONE | Z57: Conv-B DONE | AB57: EL18B07009-R | AC57: EL20L05038 | AD57: Conv-B DONE | AF57: Conv-B DONE | AG57: 45478 | AH57: Done | AI57: 45176 | AJ57: Done
A58: 113 | B58: 37301 | C58: HLC-A | D58: STB6L0574HLCD | E58: Raipuram | F58: SR | G58: CHE | H58: 43815 | I58: 574 | J58: Nashik | K58: M-U7D2S04V.005, MO-U7F2S240.005 | L58: 44180 | M58: UAT2Y440.012 | N58: 44180 | O58: 45119 | Q58: Done by NW | R58: Done by NW | T58: Conv-A DONE | U58: Conv-A DONE | Y58: Conv-A DONE | Z58: Conv-A DONE | AD58: Conv-A DONE | AF58: Conv-A DONE | AG58: 45478 | AI58: 45255 | AJ58: 1amp/10 sec
A59: 114 | B59: 37301 | C59: HLC-B | D59: STB6L0557HLCD | E59: Raipuram | F59: SR | G59: CHE | H59: 43815 | I59: 557 | J59: Nashik | K59: M-U7D2S04V.005, MO-U7F2S240.005 | L59: 44180 | M59: UAT2Y440.012 | N59: 44180 | O59: 45119 | Q59: Done by NW | R59: Done by NW | T59: Conv-B DONE | U59: Conv-B DONE | Y59: Conv-B DONE | Z59: Conv-B DONE | AB59: EL17 G01 024 -R | AC59: EL20L05040 | AD59: Conv-B DONE | AF59: Conv-B DONE | AG59: 45478 | AI59: 45255 | AJ59: 1amp/10 sec
A60: 101 | B60: 37205 | C60: HLC-A | D60: STB5L0502HLCD | E60: Raipuram | F60: SR | G60: CHE | H60: 43639 | I60: 502 | J60: Nashik | K60: M-U7D2S04V.005, MO-U7F2S240.005 | L60: 44558 | M60: UAT2Y440.012 | N60: 44800 | O60: 45050 | R60: Conv-A DONE | T60: Conv-A DONE | U60: Conv-A DONE | Y60: Conv-A DONE | Z60: Conv-A DONE | AD60: Conv-A DONE | AF60: Conv-A DONE | AG60: 45480 | AH60: Done | AI60: NA | AJ60: Done
A61: 102 | B61: 37205 | C61: HLC-B | D61: STB5L0511HLCD | E61: Raipuram | F61: SR | G61: CHE | H61: 43639 | I61: 511 | J61: Nashik | K61: M-U7D2S04V.005, MO-U7F2S240.005 | L61: 44558 | M61: UAT2Y440.012 | N61: 44800 | O61: 45050 | Q61: Done by NW | R61: Conv-B DONE | T61: Conv-B DONE | U61: Conv-B DONE | Y61: Conv-B DONE | Z61: Conv-B DONE | AD61: Conv-B DONE | AF61: Conv-B DONE | AG61: 45480 | AH61: Done | AI61: NA | AJ61: Done
A62: 126 | B62: 39119 | C62: HLC-B | D62: STB0L0657HLCD | E62: Raipuram | F62: SR | G62: CHE | H62: 43830 | I62: 657 | J62: Nashik | K62: M-U7D2S04V.005, MO-U7F2S240.005 | L62: 44256 | M62: UAT2Y440.012 | N62: 44362 | O62: 45043 | P62: 44722 | Q62: Done by NW | R62: Done by NW | T62: Conv-B DONE | U62: Conv-B DONE | Z62: Conv-B DONE | AD62: Conv-B DONE | AF62: Conv-B DONE | AG62: 45481 | AI62: 45229 | AJ62: Done
A63: 125 | B63: 39119 | C63: HLC-A | D63: STB0L0660HLCD | E63: Raipuram | F63: SR | G63: CHE | H63: 43830 | I63: 660 | J63: Nashik | K63: M-U7D2S04V.005, MO-U7F2S240.005 | L63: 44256 | M63: UAT2Y440.012 | N63: 44362 | O63: 45043 | P63: 44722 | Q63: Done by NW | R63: Done by NW | T63: Conv-A DONE | U63: Conv-A DONE | Z63: Conv-A DONE | AD63: Conv-A DONE | AF63: Conv-A DONE | AG63: 45481 | AI63: 45229 | AJ63: Done
B64: 30393 | C64: HLC-B | D64: STB9P1354HLCD | E64: Raipuram | F64: SR | G64: CHE | H64: 45110 | I64: 1354 | J64: Nashik | M64: Done by NW | N64: Done by NW | Q64: Done by NW | R64: Done by NW | S64: Done by NW | T64: Done by NW | U64: Done by NW | X64: Done by NW | Z64: Done by NW | AD64: Done by NW | AF64: Done by NW | AG64: 45484 | AI64: 45312 | AJ64: Done
A65: 188 | B65: 30393 | C65: HLC-A | D65: STB9P1359HLCD | E65: Raipuram | F65: SR | G65: CHE | H65: 45110 | I65: 1359 | J65: Nashik | M65: Done by NW | N65: Done by NW | Q65: Done by NW | R65: Done by NW | S65: Done by NW | T65: Done by NW | U65: Done by NW | X65: Done by NW | Z65: Done by NW | AD65: Done by NW | AF65: Done by NW | AG65: 45484 | AI65: 45312 | AJ65: Done
A66: 140 | B66: 37580 | C66: HLC-B | D66: STBNM1039 | E66: Raipuram | F66: SR | G66: CHE | H66: 44336 | I66: 1039 | J66: Nashik | K66: M-U7D2S04V.005, MO-U7F2S240.005 | L66: Done by NW | M66: UAT2Y440.012 | N66: Done by NW | O66: 45131 | Q66: Done by NW | R66: Done by NW | T66: Conv-B DONE | U66: Conv-B DONE | X66: Done by NW | Z66: Conv-B DONE | AD66: Conv-B DONE | AG66: 45484 | AH66: Done | AI66: 45162 | AJ66: Done
A67: 137 | B67: 37580 | C67: HLC-A | D67: STB5M0780HLCD | E67: Raipuram | F67: SR | G67: CHE | H67: 44336 | I67: 780 | J67: Nashik | K67: M-U7D2S04V.005, MO-U7F2S240.005 | L67: Done | M67: UAT2Y440.012 | N67: Done by NW | O67: 45131 | Q67: Done by NW | R67: Done by NW | T67: Conv-A DONE | U67: Conv-A DONE | X67: Done by NW | Z67: Conv-A DONE | AD67: Conv-A DONE | AF67: Conv-A DONE | AG67: 45484 | AH67: Done | AI67: 45175 | AJ67: Done
A68: 97 | B68: 37201 | C68: HLC-A | D68: STB4L0470HLCD | E68: Raipuram | F68: SR | G68: CHE | H68: 43637 | I68: 470 | J68: Nashik | K68: M-U7D2S04V.005, MO-U7F2S240.005 | L68: 44111 | M68: UAT2Y440.012 | N68: 44188 | O68: 45083 | R68: Conv-A DONE | T68: Conv-A DONE | U68: Conv-A DONE | X68: Conv-A DONE | Z68: Conv-A DONE | AD68: Conv-A DONE | AF68: Conv-A DONE | AG68: 45484 | AH68: Done | AI68: 45188 | AJ68: Done
A69: 98 | B69: 37201 | C69: HLC-B | D69: STB1L0497HLCD | E69: Raipuram | F69: SR | G69: CHE | H69: 43637 | I69: 497 | J69: Nashik | K69: M-U7D2S04V.005, MO-U7F2S240.005 | L69: 44111 | M69: UAT2Y440.012 | N69: 44188 | O69: 45083 | R69: Conv-B DONE | T69: Conv-B DONE | U69: Conv-B DONE | X69: Conv-B DONE | Z69: Conv-B DONE | AB69: EL19H01007-R | AD69: Conv-B DONE | AF69: Conv-B DONE | AG69: 45484 | AH69: Done | AI69: 45188 | AJ69: Done
A70: 148 | B70: 30679 | C70: HLC-B | D70: STB4N1121HLCD | E70: Raipuram | F70: SR | G70: CHE | H70: 44648 | I70: 1121 | J70: Nashik | K70: M-U7D2S04V.005, MO-U7F2S240.005 | L70: Done by NW | M70: UAT2Y440.012 | N70: Done by NW | O70: 45157 | Q70: Done by NW | R70: Done by NW | S70: Done by NW | T70: Conv-B DONE | U70: Conv-B DONE | X70: Done by NW | Y70: Conv-B DONE | Z70: Conv-B DONE | AD70: Conv-B DONE | AF70: Conv-B DONE | AG70: 45485 | AH70: Done | AI70: 45157 | AJ70: Done
A71: 147 | B71: 30679 | C71: HLC-A | D71: STB4N1119HLCD | E71: Raipuram | F71: SR | G71: CHE | H71: 44648 | I71: 1119 | J71: Nashik | K71: M-U7D2S04V.005, MO-U7F2S240.005 | L71: Done by NW | M71: UAT2Y440.012 | N71: Done by NW | O71: 45157 | Q71: Done by NW | R71: Done by NW | S71: Done by NW | T71: Conv-A DONE | U71: Conv-A DONE | X71: Done by NW | Y71: Conv-A DONE | Z71: Conv-A DONE | AD71: Conv-A DONE | AF71: Conv-A DONE | AG71: 45485 | AH71: Done | AI71: 45157 | AJ71: Done
A72: 1 | B72: 30782 | C72: HLC-A | D72: STBNK0346HLCD | E72: Raipuram | F72: SR | G72: CHE | H72: 43818 | I72: 346 | J72: Nashik | K72: M-U7D2S04V.005, MO-U7F2S240.005 | L72: 44266 | M72: UAT2Y440.012 | N72: 44179 | O72: 45281 | P72: 44722 | R72: Conv-A DONE | S72: Conv-A DONE | T72: Conv-A DONE | U72: Conv-A DONE | W72: Conv-A DONE | X72: Conv-A DONE | Y72: Conv-A DONE | Z72: Conv-A DONE | AD72: Conv-A DONE | AF72: Conv-A DONE | AI72: 45281 | AJ72: 1amp/10 sec
A73: 2 | B73: 30782 | C73: HLC-B | D73: STBNK0347HLCD | E73: Raipuram | F73: SR | G73: CHE | H73: 43818 | I73: 347 | J73: Nashik | K73: M-U7D2S04V.005, MO-U7F2S240.005 | L73: 44266 | M73: UAT2Y440.012 | N73: 44179 | O73: 45281 | P73: 44722 | R73: Conv-B DONE | S73: Conv-B DONE | T73: Conv-B DONE | U73: Conv-B DONE | W73: Conv-B DONE | X73: Conv-B DONE | Y73: Conv-B DONE | Z73: Conv-B DONE | AD73: Conv-B DONE | AF73: Conv-B DONE | AI73: 45281 | AJ73: 1amp/10 sec
A74: 3 | B74: 30783 | C74: HLC-A | D74: STBDK0361HLCD | E74: Raipuram | F74: SR | G74: CHE | H74: 43834 | I74: 361 | J74: Nashik | K74: M-U7D2S04V.005, MO-U7F2S240.005 | L74: 44217 | M74: UAT2Y440.012 | N74: 44198 | P74: 44722 | R74: Conv-A DONE | T74: Conv-A DONE | U74: Conv-A DONE | Z74: Conv-A DONE | AD74: Conv-A DONE | AF74: Conv-A DONE | AI74: 45268 | AJ74: 1amp/10 sec
A75: 4 | B75: 30783 | C75: HLC-B | D75: STBDK0352HLCD | E75: Raipuram | F75: SR | G75: CHE | H75: 43834 | I75: 352 | J75: Nashik | K75: M-U7D2S04V.005, MO-U7F2S240.005 | L75: 44217 | M75: UAT2Y440.012 | N75: 44198 | P75: 44722 | R75: Conv-B DONE | T75: Conv-B DONE | U75: Conv-B DONE | Z75: Conv-B DONE | AD75: Conv-B DONE | AF75: Conv-B DONE | AI75: 45268 | AJ75: 1amp/10 sec
B76: 37646 | D76: STB7R1508HLCD | E76: Raipuram | F76: SR | G76: CHE | H76: 45331 | I76: 1508 | J76: Nashik | Q76: Done by NW | R76: Done by NW | S76: Done by NW | T76: Done by NW | U76: Done by NW | X76: Done by NW | AD76: Done by NW | AF76: Done by NW | AH76: Done | AI76: Done by NW | AJ76: Done
A77: 198 | B77: 37646 | D77: STB7R1509HLCD | E77: Raipuram | F77: SR | G77: CHE | H77: 45331 | I77: 1509 | J77: Nashik | Q77: Done by NW | R77: Done by NW | S77: Done by NW | T77: Done by NW | U77: Done by NW | X77: Done by NW | AD77: Done by NW | AF77: Done by NW | AH77: Done | AI77: Done by NW | AJ77: Done
B78: 37619 | D78: STB5R1453HLCD | E78: Raipuram | F78: SR | G78: CHE | H78: 45247 | I78: 1453 | J78: Nashik | Q78: Done by NW | R78: Done by NW | S78: Done by NW | T78: Done by NW | U78: Done by NW | X78: Done by NW | AD78: Done by NW | AF78: Done by NW | AH78: Done | AI78: Done by NW | AJ78: Done
A79: 197 | B79: 37619 | D79: ST5R1452HLCD | E79: Raipuram | F79: SR | G79: CHE | H79: 45247 | I79: 1452 | J79: Nashik | Q79: Done by NW | R79: Done by NW | S79: Done by NW | T79: Done by NW | U79: Done by NW | X79: Done by NW | AD79: Done by NW | AF79: Done by NW | AH79: Done | AI79: Done by NW | AJ79: Done
B80: 30389 | C80: HLC-B | D80: STB9P1344HLCD | E80: Raipuram | F80: SR | G80: CHE | H80: 45255 | I80: 1344 | J80: Nashik | M80: Done by NW | N80: Done by NW | O80: Done by NW | P80: Done by NW | Q80: Done by NW | T80: Done by NW | V80: Done by NW | Z80: Done by NW | AB80: Done by NW | AF80: 1amp/10 sec | AJ80: Done
A81: 195 | B81: 30389 | C81: HLC-A | D81: STB9P1350HLCD | E81: Raipuram | F81: SR | G81: CHE | H81: 45255 | I81: 1350 | J81: Nashik | M81: Done by NW | N81: Done by NW | O81: Done by NW | P81: Done by NW | Q81: Done by NW | T81: Done by NW | V81: Done by NW | Z81: Done by NW | AB81: Done by NW | AF81: 1amp/10 sec | AJ81: Done
B82: 30409 | C82: HLC-B | D82: STBDN1183HLCD | E82: Raipuram | F82: SR | G82: CHE | H82: 45177 | I82: 1183 | J82: Nashik | Q82: Done by NW | R82: Done by NW | S82: Done by NW | T82: Done by NW | U82: Done by NW | X82: Done by NW | AD82: Done by NW | AF82: Done by NW | AI82: 45177 | AJ82: Done
A83: 192 | B83: 30409 | C83: HLC-A | D83: STB9P1348HLCD | E83: Raipuram | F83: SR | G83: CHE | H83: 45177 | I83: 1348 | J83: Nashik | Q83: Done by NW | R83: Done by NW | S83: Done by NW | T83: Done by NW | U83: Done by NW | X83: Done by NW | AD83: Done by NW | AF83: Done by NW | AI83: 45177 | AJ83: Done
B84: 30424 | C84: HLC-B | D84: STBDP1339HLCD | E84: Raipuram | F84: SR | G84: CHE | H84: 45163 | I84: 1339 | J84: Nashik | M84: Done by NW | N84: Done by NW | O84: 45310 | Q84: Done by NW | R84: Done by NW | S84: Done by NW | T84: Done by NW | U84: Done by NW | X84: Done by NW | Z84: Done by NW | AD84: Done by NW | AF84: Done by NW | AI84: 45162 | AJ84: Done
A85: 190 | B85: 30424 | C85: HLC-A | D85: STBDP1338HLCD | E85: Raipuram | F85: SR | G85: CHE | H85: 45163 | I85: 1338 | J85: Nashik | M85: Done by NW | N85: Done by NW | O85: 45310 | Q85: Done by NW | R85: Done by NW | S85: Done by NW | T85: Done by NW | U85: Done by NW | X85: Done by NW | Z85: Done by NW | AD85: Done by NW | AF85: Done by NW | AI85: 45162 | AJ85: Done
B86: 30342 | C86: HLC-B | D86: STBDP1389HLCD | E86: Raipuram | F86: SR | G86: CHE | H86: 45125 | I86: 1389 | J86: Nashik | M86: Done by NW | N86: Done by NW | Q86: Done by NW | R86: Done by NW | S86: Done by NW | T86: Done by NW | U86: Done by NW | X86: Done by NW | Z86: Done by NW | AD86: Done by NW | AF86: Done by NW | AI86: 45197 | AJ86: Done
A87: 189 | B87: 30342 | C87: HLC-A | D87: STBDP1385HLCD | E87: Raipuram | F87: SR | G87: CHE | H87: 45125 | I87: 1385 | J87: Nashik | M87: Done by NW | N87: Done by NW | Q87: Done by NW | R87: Done by NW | S87: Done by NW | T87: Done by NW | U87: Done by NW | X87: Done by NW | Z87: Done by NW | AD87: Done by NW | AF87: Done by NW | AI87: 45197 | AJ87: Done
B88: 30411 | C88: HLC-B | D88: STBDN1181HLCD | E88: Raipuram | F88: SR | G88: CHE | H88: 45085 | I88: 1181 | J88: Nashik | M88: Done by NW | N88: Done by NW | O88: 45315 | Q88: Done by NW | R88: Done by NW | S88: Done by NW | T88: Done by NW | U88: Done by NW | X88: Done by NW | Z88: Done by NW | AD88: Done by NW | AF88: Done by NW | AI88: NA | AJ88: Done
A89: 186 | B89: 30411 | C89: HLC-A | D89: STB9P1351HLCD | E89: Raipuram | F89: SR | G89: CHE | H89: 45085 | I89: 1351 | J89: Nashik | M89: Done by NW | N89: Done by NW | O89: 45315 | Q89: Done by NW | R89: Done by NW | S89: Done by NW | T89: Done by NW | U89: Done by NW | X89: Done by NW | Z89: Done by NW | AD89: Done by NW | AF89: Done by NW | AI89: NA | AJ89: Done
B90: 30378 | C90: HLC-B | D90: STBDP1382HLCD | E90: Raipuram | F90: SR | G90: CHE | H90: 45058 | I90: 1382 | J90: Nashik | M90: Done by NW | N90: Done by NW | Q90: Done by NW | R90: Done by NW | S90: Done by NW | T90: Done by NW | U90: Done by NW | X90: Done by NW | Z90: Done by NW | AD90: Done by NW | AF90: Done by NW | AI90: 45234 | AJ90: Done
A91: 185 | B91: 30378 | C91: HLC-A | D91: STBDP1380HLCD | E91: Raipuram | F91: SR | G91: CHE | H91: 45058 | I91: 1380 | J91: Nashik | M91: Done by NW | N91: Done by NW | Q91: Done by NW | R91: Done by NW | S91: Done by NW | T91: Done by NW | U91: Done by NW | X91: Done by NW | Z91: Done by NW | AD91: Done by NW | AF91: Done by NW | AI91: 45234 | AJ91: Done
B92: 39240 | C92: HLC-B | D92: STB3P1259HLCD | E92: Raipuram | F92: SR | G92: CHE | H92: 45040 | I92: 1259 | J92: Nashik | M92: Done by NW | N92: Done by NW | O92: 45315 | Q92: Done by NW | R92: Done by NW | S92: Done by NW | T92: Done by NW | U92: Done by NW | X92: Done by NW | Z92: Done by NW | AD92: Done by NW | AF92: Done by NW | AI92: 45195 | AJ92: Done
A93: 184 | B93: 39240 | C93: HLC-A | D93: STB3P1265HLCD | E93: Raipuram | F93: SR | G93: CHE | H93: 45040 | I93: 1265 | J93: Nashik | M93: Done by NW | N93: Done by NW | O93: 45315 | Q93: Done by NW | R93: Done by NW | S93: Done by NW | T93: Done by NW | U93: Done by NW | X93: Done by NW | Z93: Done by NW | AD93: Done by NW | AF93: Done by NW | AI93: 45195 | AJ93: Done
B94: 39237 | C94: HLC-B | D94: STB3P1255HLCD | E94: Raipuram | F94: SR | G94: CHE | H94: 45008 | I94: 1255 | J94: Nashik | Q94: Done by NW | R94: Done by NW | S94: Done by NW | T94: Done by NW | U94: Done by NW | X94: Done by NW | Z94: Done by NW | AD94: Done by NW | AF94: Done by NW | AJ94: Done
A95: 182 | B95: 39237 | C95: HLC-A | D95: STB3P1258HLCD | E95: Raipuram | F95: SR | G95: CHE | H95: 45008 | I95: 1258 | J95: Nashik | Q95: Done by NW | R95: Done by NW | S95: Done by NW | T95: Done by NW | U95: Done by NW | X95: Done by NW | Z95: Done by NW | AD95: Done by NW | AF95: Done by NW | AJ95: Done
A96: 180 | B96: 30421 | C96: HLC-B | D96: STBDP1390HLCD | E96: Raipuram | F96: SR | G96: CHE | H96: 44993 | I96: 1390 | J96: Nashik | K96: M-U7D2S04V.005, MO-U7F2S240.005 | L96: Done by NW | M96: UAT2Y440.012 | N96: Done by NW | O96: 45311 | Q96: Done by NW | R96: Done by NW | S96: Done by NW | T96: Done by NW | U96: Done by NW | X96: Done by NW | Z96: Done by NW | AD96: Done by NW | AF96: Done by NW | AI96: 45311 | AJ96: Done
A97: 179 | B97: 30421 | C97: HLC-A | D97: STBDP1391HLCD | E97: Raipuram | F97: SR | G97: CHE | H97: 44993 | I97: 1391 | J97: Nashik | K97: M-U7D2S04V.005, MO-U7F2S240.005 | L97: Done by NW | M97: UAT2Y440.012 | N97: Done by NW | O97: 45311 | Q97: Done by NW | R97: Done by NW | S97: Done by NW | T97: Done by NW | U97: Done by NW | X97: Done by NW | Z97: Done by NW | AD97: Done by NW | AF97: Done by NW | AI97: 45311 | AJ97: Done
A98: 178 | B98: 39229 | C98: HLC-B | D98: STB2P1232HLCD | E98: Raipuram | F98: SR | G98: CHE | H98: 44977 | I98: 1232 | J98: Nashik | K98: M-U7D2S04V.005, MO-U7F2S240.005 | L98: Done by NW | M98: UAT2Y440.012 | N98: Done by NW | Q98: Done by NW | R98: Done by NW | S98: Done by NW | T98: Done by NW | U98: Done by NW | X98: Done by NW | Z98: Done by NW | AD98: Done by NW | AF98: Done by NW | AI98: 45167 | AJ98: Done
A99: 177 | B99: 39229 | C99: HLC-A | D99: STB2P1235HLCD | E99: Raipuram | F99: SR | G99: CHE | H99: 44977 | I99: 1235 | J99: Nashik | K99: M-U7D2S04V.005, MO-U7F2S240.005 | L99: Done by NW | M99: UAT2Y440.012 | N99: Done by NW | Q99: Done by NW | R99: Done by NW | S99: Done by NW | T99: Done by NW | U99: Done by NW | X99: Done by NW | Z99: Done by NW | AD99: Done by NW | AF99: Done by NW | AI99: 45167 | AJ99: Done
A100: 176 | B100: 39228 | C100: HLC-B | D100: STB2P1239HLCD | E100: Raipuram | F100: SR | G100: CHE | H100: 44972 | I100: 1239 | J100: Nashik | K100: M-U7D2S04V.005, MO-U7F2S240.005 | L100: Done by NW | M100: UAT2Y440.012 | N100: Done by NW | Q100: Done by NW | R100: Done by NW | S100: Done by NW | T100: Done by NW | U100: Done by NW | X100: Done by NW | Z100: Done by NW | AD100: Done by NW | AF100: Done by NW | AI100: 45167 | AJ100: Done
A101: 175 | B101: 39228 | C101: HLC-A | D101: STB2P1238HLCD | E101: Raipuram | F101: SR | G101: CHE | H101: 44972 | I101: 1238 | J101: Nashik | K101: M-U7D2S04V.005, MO-U7F2S240.005 | L101: Done by NW | M101: UAT2Y440.012 | N101: Done by NW | Q101: Done by NW | R101: Done by NW | S101: Done by NW | T101: Done by NW | U101: Done by NW | X101: Done by NW | Z101: Done by NW | AD101: Done by NW | AF101: Done by NW | AI101: 45167 | AJ101: Done
...

Sheet Chennai
A1: S.No. | B1: Loco no. | C1: HLC | D1: Serial no. of HLC | E1: Base Shed | F1: Railway | G1: Region | H1: DOC | I1: serial no. | J1: Type of Text display | K1: Software version in Conv | L1: Software version in Conv (Master) U7D2S04V.005 (Module) U7F2S240.005 *DATE* | M1: Software version of display | N1: Software version (UAT2Y44O.012) of display updation *DATE* | O1: Filter clean *DATE* | P1: Filter Change *DATE* | Q1: Removal of metal shortlink from M9000 with wire | R1: Replacement of 10 amp fuse with 20amp | S1: Shifting of wires on O/P contactor | T1: External earth fault wire modification | U1: Shifting of wires of output voltage available lamp | V1: Sealing of cable entry of panel | W1: Sealing of main fan plate (On which DC-DC converter installed) | X1: Mounting of 110 volt DC fan on PWR | Y1: Air leakage status in duct at the back of the converter | Z1: FG block removal from bottom of input choke | AA1: Surge arrestor fitment | AB1: Input choke change (mention sr.no. of new choke_ | AC1: O/P choke change (mention sr.no. of new choke_ | AD1: Control fuse 6.5amp to 15amp (Glass fuse) | AE1: Display button | AF1: DC link bus bar supporter | AG1: Software version in Conv (200622) (Master) Y6U2N04V.006 (Module) Y6U2N240.005 *DATE* | AH1: New Software version (UAT2Y44O.012) of display updation *DATE* | AI1: Sine Filter Capacitor washer fitment and tightness of connection *DATE* | AJ1: ELR setting to check (1amp /10 sec) | AK1: Heat Sink Cleaning *Date* | AL1: I/P contactor SILICON washer | AM1: Steel mesh on cyclonic filter on looc wall | AN1: Installation of new type of communication card on display | AP1: HMI software update by NW from panel | AQ1: STBOM1026
A2: 1 | B2: 30782 | C2: HLC-A | D2: STBNK0346HLCD | E2: Raipuram | F2: SR | G2: CHE | H2: 43818 | I2: 346 | J2: Nashik | K2: M-U7D2S04V.005, MO-U7F2S240.005 | L2: 44266 | M2: UAT2Y440.012 | N2: 44179 | O2: 45464 | P2: 44722 | R2: Conv-A DONE | S2: Conv-A DONE | T2: Conv-A DONE | U2: Conv-A DONE | W2: Conv-A DONE | X2: Conv-A DONE | Y2: Conv-A DONE | Z2: Conv-A DONE | AD2: Conv-A DONE | AF2: Conv-A DONE | AG2: 45497 | AI2: 45281 | AJ2: 1amp/10 sec | AM2: Old type mesh
A3: 2 | B3: 30782 | C3: HLC-B | D3: STBNK0347HLCD | E3: Raipuram | F3: SR | G3: CHE | H3: 43818 | I3: 347 | J3: Nashik | K3: M-U7D2S04V.005, MO-U7F2S240.005 | L3: 44266 | M3: UAT2Y440.012 | N3: 44179 | O3: 45464 | P3: 44722 | R3: Conv-B DONE | S3: Conv-B DONE | T3: Conv-B DONE | U3: Conv-B DONE | W3: Conv-B DONE | X3: Conv-B DONE | Y3: Conv-B DONE | Z3: Conv-B DONE | AD3: Conv-B DONE | AF3: Conv-B DONE | AG3: 45497 | AI3: 45281 | AJ3: 1amp/10 sec | AM3: Old type mesh
A4: 3 | B4: 30783 | C4: HLC-A | D4: STBDK0361HLCD | E4: Raipuram | F4: SR | G4: CHE | H4: 43834 | I4: 361 | J4: Nashik | K4: M-U7D2S04V.005, MO-U7F2S240.005 | L4: 44217 | M4: UAT2Y440.012 | N4: 44198 | P4: 44722 | R4: Conv-A DONE | T4: Conv-A DONE | U4: Conv-A DONE | Z4: Conv-A DONE | AD4: Conv-A DONE | AF4: Conv-A DONE | AG4: 45499 | AI4: 45268 | AJ4: 1amp/10 sec | AK4: 45607 | AM4: Old type mesh
A5: 4 | B5: 30783 | C5: HLC-B | D5: STBDK0352HLCD | E5: Raipuram | F5: SR | G5: CHE | H5: 43834 | I5: 352 | J5: Nashik | K5: M-U7D2S04V.005, MO-U7F2S240.005 | L5: 44217 | M5: UAT2Y440.012 | N5: 44198 | P5: 44722 | R5: Conv-B DONE | T5: Conv-B DONE | U5: Conv-B DONE | Z5: Conv-B DONE | AD5: Conv-B DONE | AF5: Conv-B DONE | AG5: 45499 | AI5: 45268 | AJ5: 1amp/10 sec | AK5: 45607 | AM5: Old type mesh
A6: 5 | B6: 30784 | C6: HLC-A | D6: STBDK0360HLCD | E6: Erode | F6: SR | G6: CHE | H6: 43836 | I6: 360 | J6: Nashik | K6: M-U7D2S04V.005, MO-U7F2S240.005 | L6: 44203 | M6: UAT2Y440.012 | N6: 44203 | O6: 45404 | R6: Conv-A DONE | T6: Conv-A DONE | U6: Conv-A DONE | Y6: Conv-A DONE | Z6: Conv-A DONE | AD6: Conv-A DONE | AF6: Conv-A DONE | AG6: 45493 | AH6: Done | AI6: 45160 | AJ6: Done | AM6: 45527
A7: 6 | B7: 30784 | C7: HLC-B | D7: STBDK0353HLCD | E7: Erode | F7: SR | G7: CHE | H7: 43836 | I7: 353 | J7: Nashik | K7: M-U7D2S04V.005, MO-U7F2S240.005 | L7: 44203 | M7: UAT2Y440.012 | N7: 44203 | O7: 45404 | R7: Conv-B DONE | T7: Conv-B DONE | U7: Conv-B DONE | Y7: Conv-B DONE | Z7: Conv-B DONE | AD7: Conv-B DONE | AF7: Conv-B DONE | AG7: 45493 | AH7: Done | AI7: 45160 | AJ7: Done | AM7: 45527
A8: 7 | B8: 30802 | C8: HLC-A | D8: STBNM1044HLCD | E8: Erode | F8: SR | G8: CHE | I8: 1044 | J8: Nashik | K8: M-U7D2S04V.005, MO-U7F2S240.005 | L8: Done by NW | M8: UAT2Y440.012 | N8: Done by NW | O8: 45434 | Q8: Done by NW | R8: Done by NW | S8: Conv-A DONE | T8: Conv-A DONE | U8: Conv-A DONE | W8: Conv-A DONE | X8: Done by NW | Y8: Conv-A DONE | Z8: Conv-A DONE | AD8: Conv-A DONE | AF8: Conv-A DONE | AG8: 45472 | AH8: Done | AI8: 45163 | AJ8: Done | AM8: 45472
A9: 8 | B9: 30802 | C9: HLC-B | D9: STBNM1045HLCD | E9: Erode | F9: SR | G9: CHE | I9: 1045 | J9: Nashik | K9: M-U7D2S04V.005, MO-U7F2S240.005 | L9: Done by NW | M9: UAT2Y440.012 | N9: Done by NW | O9: 45434 | Q9: Done by NW | R9: Done by NW | S9: Conv-B DONE | T9: Conv-B DONE | U9: Conv-B DONE | W9: Conv-B DONE | X9: Done by NW | Y9: Conv-B DONE | Z9: Conv-B DONE | AD9: Conv-B DONE | AF9: Conv-B DONE | AG9: 45472 | AH9: Done | AI9: 45163 | AJ9: Done | AM9: 45472
A10: 9 | B10: 37142 | C10: HLC-A | D10: STBDK0367HLCD | E10: Erode | F10: SR | G10: CHE | H10: 43571 | I10: 367 | J10: Nashik | K10: M-U7D2S04V.005, MO-U7F2S240.005 | L10: 44200 | M10: UAT2Y440.012 | N10: 44180 | O10: 45507 | R10: Conv-A DONE | S10: Conv-A DONE | T10: Conv-A DONE | U10: Conv-A DONE | W10: Conv-A DONE | X10: Conv-A DONE | Y10: Conv-A DONE | Z10: Conv-A DONE | AD10: Conv-A DONE | AF10: Conv-A DONE | AG10: 45470 | AH10: Done | AI10: 45223 | AJ10: Done | AM10: Old type mesh
A11: 10 | B11: 37142 | C11: HLC-B | D11: STBNK0334HLCD | E11: Erode | F11: SR | G11: CHE | H11: 43571 | I11: 334 | J11: Nashik | K11: M-U7D2S04V.005, MO-U7F2S240.005 | L11: 44200 | M11: UAT2Y440.012 | N11: 44180 | O11: 45507 | R11: Conv-B DONE | S11: Conv-B DONE | T11: Conv-B DONE | U11: Conv-B DONE | W11: Conv-B DONE | X11: Conv-B DONE | Y11: Conv-B DONE | Z11: Conv-B DONE | AD11: Conv-B DONE | AF11: Conv-B DONE | AG11: 45470 | AH11: Done | AI11: 45223 | AJ11: Done | AM11: Old type mesh
A12: 11 | B12: 37149 | C12: HLC-A | D12: STB2L0438HLCD | E12: Erode | F12: SR | G12: CHE | H12: 43580 | I12: 438 | J12: Nashik | K12: M-U7D2S04V.005, MO-U7F2S240.005 | L12: 44205 | M12: UAT2Y440.012 | N12: 44205 | O12: 45512 | R12: Conv-A DONE | T12: Conv-A DONE | U12: Conv-A DONE | W12: Conv-A DONE | X12: Conv-A DONE | Y12: Conv-A DONE | Z12: Conv-A DONE | AD12: Conv-A DONE | AF12: Conv-A DONE | AG12: 45513 | AH12: Done | AI12: 45170 | AJ12: Done | AM12: Old type mesh
A13: 12 | B13: 37149 | C13: HLC-B | D13: STB0K0315HLCD | E13: Erode | F13: SR | G13: CHE | H13: 43580 | I13: 315 | J13: Nashik | K13: M-U7D2S04V.005, MO-U7F2S240.005 | L13: 44205 | M13: UAT2Y440.012 | N13: 44205 | O13: 45512 | R13: Conv-B DONE | T13: Conv-B DONE | U13: Conv-B DONE | W13: Conv-B DONE | X13: Conv-B DONE | Y13: Conv-B DONE | Z13: Conv-B DONE | AD13: Conv-B DONE | AF13: Conv-B DONE | AG13: 45513 | AH13: Done | AI13: 45170 | AJ13: Done | AM13: Old type mesh
A14: 13 | B14: 37151 | C14: HLC-A | D14: STB2L0426 HLCD | E14: Erode | F14: SR | G14: CHE | H14: 43580 | I14: 426 | J14: Nashik | K14: M-U7D2S04V.005, MO-U7F2S240.005 | L14: 44209 | M14: UAT2Y440.012 | N14: 44209 | O14: 45460 | R14: Conv-A DONE | T14: Conv-A DONE | U14: Conv-A DONE | W14: Conv-A DONE | X14: Conv-A DONE | Y14: Conv-A DONE | Z14: Conv-A DONE | AD14: Conv-A DONE | AF14: Conv-A DONE | AG14: 45513 | AH14: Done | AI14: 45240 | AJ14: Done | AM14: Old type mesh
A15: 14 | B15: 37151 | C15: HLC-B | D15: STB2L0419HLCD | E15: Erode | F15: SR | G15: CHE | H15: 43580 | I15: 419 | J15: Nashik | K15: M-U7D2S04V.005, MO-U7F2S240.005 | L15: 44209 | M15: UAT2Y440.012 | N15: 44209 | O15: 45460 | R15: Conv-B DONE | T15: Conv-B DONE | U15: Conv-B DONE | W15: Conv-B DONE | X15: Conv-B DONE | Y15: Conv-B DONE | Z15: Conv-B DONE | AD15: Conv-B DONE | AF15: Conv-B DONE | AG15: 45513 | AH15: Done | AI15: 45240 | AJ15: Done | AM15: Old type mesh
A16: 15 | B16: 37153 | C16: HLC-A | D16: STB2L0423HLCD | E16: Erode | F16: SR | G16: CHE | H16: 43581 | I16: 423 | J16: Nashik | K16: M-U7D2S04V.005, MO-U7F2S240.005 | L16: 44212 | M16: UAT2Y440.012 | N16: 44212 | O16: 45514 | R16: Conv-A DONE | T16: Conv-A DONE | U16: Conv-A DONE | W16: Conv-A DONE | Y16: Conv-A DONE | Z16: Conv-A DONE | AB16: 5/16/2022(EL19C01071-R) | AD16: Conv-A DONE | AF16: Conv-A DONE | AG16: 45493 | AH16: Done | AI16: 45232 | AJ16: Done | AM16: Old type mesh
A17: 16 | B17: 37153 | C17: HLC-B | D17: STB2L0442HLCD | E17: Erode | F17: SR | G17: CHE | H17: 43581 | I17: 442 | J17: Nashik | K17: M-U7D2S04V.005, MO-U7F2S240.005 | L17: 44212 | M17: UAT2Y440.012 | N17: 44212 | O17: 45514 | R17: Conv-B DONE | T17: Conv-B DONE | U17: Conv-B DONE | W17: Conv-B DONE | Y17: Conv-B DONE | Z17: Conv-B DONE | AD17: Conv-B DONE | AF17: Conv-B DONE | AG17: 45493 | AH17: Done | AI17: 45232 | AJ17: Done | AM17: Old type mesh
A18: 17 | B18: 37179 | C18: HLC-A | D18: STB4L0454HLCD | E18: Erode | F18: SR | G18: CHE | H18: 43607 | I18: 454 | J18: Nashik | K18: M-U7D2S04V.005, MO-U7F2S240.005 | L18: 44208 | M18: UAT2Y440.012 | N18: 44208 | O18: 45541 | R18: Conv-A DONE | T18: Conv-A DONE | U18: Conv-A DONE | W18: Conv-A DONE | Y18: Conv-A DONE | Z18: Conv-A DONE | AF18: Conv-A DONE | AG18: 45544 | AH18: Done | AI18: 45168 | AJ18: Done
A19: 18 | B19: 37179 | C19: HLC-B | D19: STB4L0455HLCD | E19: Erode | F19: SR | G19: CHE | H19: 43607 | I19: 455 | J19: Nashik | K19: M-U7D2S04V.005, MO-U7F2S240.005 | L19: 44208 | M19: UAT2Y440.012 | N19: 44208 | O19: 45541 | R19: Conv-B DONE | T19: Conv-B DONE | U19: Conv-B DONE | W19: Conv-B DONE | Y19: Conv-B DONE | Z19: Conv-B DONE | AF19: Conv-B DONE | AG19: 45544 | AH19: Done | AI19: 45168 | AJ19: Done
A20: 19 | B20: 37180 | C20: HLC-A | D20: STB1L0386HLCD | E20: Erode | F20: SR | G20: CHE | H20: 43608 | I20: 386 | J20: Nashik | K20: M-U7D2S04V.005, MO-U7F2S240.005 | L20: 44229 | M20: UAT2Y440.012 | N20: 44174 | O20: 45435 | R20: Conv-B DONE | T20: Conv-B DONE | U20: Conv-B DONE | W20: Conv-B DONE | Y20: Conv-A DONE | Z20: Conv-B DONE | AD20: Conv-A DONE | AF20: Conv-A DONE | AG20: 45482 | AH20: Done | AI20: 45204 | AJ20: Done | AM20: Old type mesh
A21: 20 | B21: 37180 | C21: HLC-B | D21: STB1L0387HLCD | E21: Erode | F21: SR | G21: CHE | H21: 43608 | I21: 387 | J21: Nashik | K21: M-U7D2S04V.005, MO-U7F2S240.005 | L21: 44229 | M21: UAT2Y440.012 | N21: 44174 | O21: 45435 | R21: Conv-A DONE | T21: Conv-A DONE | U21: Conv-A DONE | W21: Conv-A DONE | Y21: Conv-B DONE | Z21: Conv-A DONE | AD21: Conv-B DONE | AF21: Conv-B DONE | AG21: 45482 | AH21: Done | AI21: 45204 | AJ21: Done | AM21: Old type mesh
A22: 21 | B22: 37183 | C22: HLC-A | D22: STB4L0469HLCD | E22: Erode | F22: SR | G22: CHE | H22: 43609 | I22: 469 | J22: Nashik | K22: M-U7D2S04V.005, MO-U7F2S240.005 | L22: 44215 | M22: UAT2Y440.012 | N22: 44214 | O22: 45425 | R22: Conv-A DONE | T22: Conv-A DONE | U22: Conv-A DONE | W22: Conv-A DONE | Y22: Conv-A DONE | Z22: Conv-A DONE | AD22: Conv-A DONE | AF22: Conv-A DONE | AG22: 45555 | AH22: Done | AI22: 45154 | AJ22: Done | AM22: 45554
A23: 22 | B23: 37183 | C23: HLC-B | D23: STB4L0468HLCD | E23: Erode | F23: SR | G23: CHE | H23: 43609 | I23: 468 | J23: Nashik | K23: M-U7D2S04V.005, MO-U7F2S240.005 | L23: 44215 | M23: UAT2Y440.012 | N23: 44214 | O23: 45425 | R23: Conv-B DONE | T23: Conv-B DONE | U23: Conv-B DONE | Y23: Conv-B DONE | Z23: Conv-B DONE | AB23: EL19J04159-R | AD23: Conv-B DONE | AF23: Conv-B DONE | AG23: 45555 | AH23: Done | AI23: 45154 | AJ23: Done | AM23: 45554
A24: 23 | B24: 37202 | C24: HLC-A | D24: STB4K0211HLCD | E24: Erode | F24: SR | G24: CHE | H24: 43638 | I24: 211 | J24: Nashik | K24: M-U7D2S04V.005, MO-U7F2S240.005 | L24: 44372 | M24: UAT2Y440.012 | N24: 44180 | O24: 45516 | R24: Conv-A DONE | S24: Conv-A DONE | T24: Conv-A DONE | U24: Conv-A DONE | W24: Conv-A DONE | Y24: Conv-A DONE | Z24: Conv-A DONE | AB24: EL18J03033-R | AD24: Conv-A DONE | AF24: Conv-A DONE | AG24: 45502 | AH24: Done | AI24: 45184 | AJ24: Done
A25: 24 | B25: 37202 | C25: HLC-B | D25: STB4K0213HLCD | E25: Erode | F25: SR | G25: CHE | H25: 43638 | I25: 213 | J25: Nashik | K25: M-U7D2S04V.005, MO-U7F2S240.005 | L25: 44372 | M25: UAT2Y440.012 | N25: 44180 | O25: 45516 | R25: Conv-B DONE | S25: Conv-B DONE | T25: Conv-B DONE | U25: Conv-B DONE | W25: Conv-B DONE | Y25: Conv-B DONE | Z25: Conv-B DONE | AB25: 44468 | AD25: Conv-B DONE | AF25: Conv-B DONE | AG25: 45502 | AH25: Done | AI25: 45184 | AJ25: Done
A26: 25 | B26: 37204 | C26: HLC-A | D26: STB5L0500HLCD | E26: Erode | F26: SR | G26: CHE | H26: 43639 | I26: 500 | J26: Nashik | K26: M-U7D2S04V.005, MO-U7F2S240.005 | L26: 44372 | M26: UAT2Y440.012 | N26: 44198 | O26: 45462 | P26: 44842 | R26: Conv-A DONE | S26: Conv-A DONE | T26: Conv-A DONE | U26: Conv-A DONE | W26: Conv-A DONE | Y26: Conv-A DONE | Z26: Conv-A DONE | AD26: Conv-A DONE | AF26: Conv-A DONE | AG26: 45504 | AH26: Done | AI26: 45187 | AJ26: Done | AM26: 45559
A27: 26 | B27: 37204 | C27: HLC-B | D27: STB5L0501HLCD | E27: Erode | F27: SR | G27: CHE | H27: 43639 | I27: 501 | J27: Nashik | K27: M-U7D2S04V.005, MO-U7F2S240.005 | L27: 44198 | M27: UAT2Y440.012 | N27: 44198 | O27: 45462 | P27: 44842 | R27: Conv-B DONE | S27: Conv-B DONE | T27: Conv-B DONE | U27: Conv-B DONE | W27: Conv-B DONE | Y27: Conv-B DONE | Z27: Conv-B DONE | AB27: EL18J03036-R | AD27: Conv-B DONE | AF27: Conv-B DONE | AG27: 45504 | AH27: Done | AI27: 45187 | AJ27: Done | AM27: 45559
A28: 27 | B28: 37222 | C28: HLC-A | D28: STB5L0507HLCD | E28: Erode | F28: SR | G28: CHE | H28: 43674 | I28: 507 | J28: Nashik | K28: M-U7D2S04V.005, MO-U7F2S240.005 | L28: 44208 | M28: UAT2Y440.012 | N28: 44180 | O28: 45394 | Q28: Done by NW | R28: Conv-A DONE | S28: Conv-A DONE | T28: Conv-A DONE | U28: Conv-A DONE | W28: Conv-A DONE | Y28: Conv-A DONE | Z28: Conv-A DONE | AB28: 44869 | AD28: Conv-A DONE | AF28: Conv-A DONE | AG28: 45489 | AH28: Done | AI28: 45187 | AJ28: Done | AM28: 45589
A29: 28 | B29: 37222 | C29: HLC-B | D29: STB5L0506HLCD | E29: Erode | F29: SR | G29: CHE | H29: 43674 | I29: 506 | J29: Nashik | K29: M-U7D2S04V.005, MO-U7F2S240.005 | L29: 44208 | M29: UAT2Y440.012 | N29: 44180 | O29: 45394 | Q29: Done by NW | R29: Conv-B DONE | S29: Conv-B DONE | T29: Conv-B DONE | U29: Conv-B DONE | W29: Conv-B DONE | Y29: Conv-B DONE | Z29: Conv-B DONE | AB29: EL15G02007-R | AD29: Conv-B DONE | AF29: Conv-B DONE | AG29: 45489 | AH29: Done | AI29: 45187 | AJ29: Done | AM29: 45589
A30: 29 | B30: 37297 | C30: HLC-A | D30: STB6L0542HLCD | E30: Erode | F30: SR | G30: CHE | H30: 43806 | I30: 542 | J30: Nashik | K30: M-U7D2S04V.005, MO-U7F2S240.005 | L30: 44223 | M30: UAT2Y440.012 | N30: 44181 | O30: 45441 | Q30: Done by NW | R30: Conv-A DONE | S30: Conv-A DONE | T30: Conv-A DONE | U30: Conv-A DONE | W30: Conv-A DONE | Y30: Conv-A DONE | Z30: Conv-A DONE | AB30: EL19J04141-R | AD30: Conv-A DONE | AF30: Conv-A DONE | AG30: 45491 | AH30: Done | AI30: 45248 | AJ30: Done
A31: 30 | B31: 37297 | C31: HLC-B | D31: STB6L0543HLCD | E31: Erode | F31: SR | G31: CHE | H31: 43806 | I31: 543 | J31: Nashik | K31: M-U7D2S04V.005, MO-U7F2S240.005 | L31: 44223 | M31: UAT2Y440.012 | N31: 44181 | O31: 45441 | Q31: Done by NW | R31: Conv-B DONE | S31: Conv-B DONE | T31: Conv-B DONE | U31: Conv-B DONE | W31: Conv-B DONE | Y31: Conv-B DONE | Z31: Conv-B DONE | AD31: Conv-B DONE | AF31: Conv-B DONE | AG31: 45491 | AH31: Done | AI31: 45248 | AJ31: Done
A32: 31 | B32: 37306 | C32: HLC-A | D32: STBNL0709HLCD | E32: Erode | F32: SR | G32: CHE | H32: 43830 | I32: 709 | J32: Nashik | K32: M-U7D2S04V.005, MO-U7F2S240.005 | L32: 44216 | M32: UAT2Y440.012 | N32: 44193 | O32: 45392 | Q32: Done by NW | R32: Done by NW | T32: Conv-A DONE | U32: Conv-A DONE | W32: Conv-A DONE | Y32: Conv-A DONE | Z32: Conv-A DONE | AD32: Conv-A DONE | AF32: Conv-A DONE | AG32: 45492 | AH32: Done | AI32: 45199 | AJ32: Done | AK32: 45517 | AM32: 45533
A33: 32 | B33: 37306 | C33: HLC-B | D33: STBNL0690HLCD | E33: Erode | F33: SR | G33: CHE | H33: 43830 | I33: 690 | J33: Nashik | K33: M-U7D2S04V.005, MO-U7F2S240.005 | L33: 44216 | M33: UAT2Y440.012 | N33: 44193 | O33: 45392 | Q33: Done by NW | R33: Done by NW | T33: Conv-B DONE | U33: Conv-B DONE | W33: Conv-B DONE | Y33: Conv-B DONE | Z33: Conv-B DONE | AD33: Conv-B DONE | AF33: Conv-B DONE | AG33: 45492 | AH33: Done | AI33: 45199 | AJ33: Done | AK33: 45517 | AM33: 45533
A34: 33 | B34: 37308 | C34: HLC-A | D34: STBOL0679HLCD | E34: Erode | F34: SR | G34: CHE | H34: 43838 | I34: 679 | J34: Nashik | K34: M-U7D2S04V.005, MO-U7F2S240.005 | L34: 44232 | M34: UAT2Y440.012 | N34: 44184 | Q34: Done by NW | R34: Done by NW | S34: Conv-A DONE | T34: Conv-A DONE | U34: Conv-A DONE | W34: Conv-A DONE | Y34: Conv-A DONE | Z34: Conv-A DONE | AD34: Conv-A DONE | AF34: Conv-A DONE | AG34: 45510 | AH34: Done | AI34: 45164 | AJ34: Done | AK34: 45521 | AM34: 45527
A35: 34 | B35: 37308 | C35: HLC-B | D35: STBOL0678HLCD | E35: Erode | F35: SR | G35: CHE | H35: 43838 | I35: 678 | J35: Nashik | K35: M-U7D2S04V.005, MO-U7F2S240.005 | L35: 44232 | M35: UAT2Y440.012 | N35: 44184 | Q35: Done by NW | R35: Done by NW | S35: Conv-B DONE | T35: Conv-B DONE | U35: Conv-B DONE | W35: Conv-B DONE | Y35: Conv-B DONE | Z35: Conv-B DONE | AD35: Conv-B DONE | AF35: Conv-B DONE | AG35: 45510 | AH35: Done | AI35: 45164 | AJ35: Done | AK35: 45521 | AM35: 45527
A36: 35 | B36: 37310 | C36: HLC-A | D36: STBNL0683HLCD | E36: Erode | F36: SR | G36: CHE | H36: 43839 | I36: 683 | J36: Nashik | K36: M-U7D2S04V.005, MO-U7F2S240.005 | L36: 44229 | M36: UAT2Y440.012 | N36: 44175 | O36: 45433 | Q36: Done by NW | R36: Done by NW | S36: Conv-A DONE | T36: Conv-A DONE | U36: Conv-A DONE | Y36: Conv-A DONE | Z36: Conv-A DONE | AD36: Conv-A DONE | AF36: Conv-A DONE | AG36: 45491 | AH36: Done | AI36: 45239 | AJ36: Done
A37: 36 | B37: 37310 | C37: HLC-B | D37: STBNL0682HLCD | E37: Erode | F37: SR | G37: CHE | H37: 43839 | I37: 682 | J37: Nashik | K37: M-U7D2S04V.005, MO-U7F2S240.005 | L37: 44229 | M37: UAT2Y440.012 | N37: 44175 | O37: 45433 | Q37: Done by NW | R37: Done by NW | S37: Conv-B DONE | T37: Conv-B DONE | U37: Conv-B DONE | Y37: Conv-B DONE | Z37: Conv-B DONE | AD37: Conv-B DONE | AF37: Conv-B DONE | AG37: 45491 | AH37: Done | AI37: 45239 | AJ37: Done
A38: 37 | B38: 37312 | C38: HLC-A | D38: STBNL0680HLCD | E38: Erode | F38: SR | G38: CHE | H38: 43844 | I38: 680 | J38: Nashik | K38: M-U7D2S04V.005, MO-U7F2S240.005 | L38: 44231 | M38: UAT2Y440.012 | N38: 44182 | O38: 45427 | Q38: Done by NW | R38: Done by NW | T38: Conv-A DONE | U38: Conv-A DONE | Y38: Conv-A DONE | Z38: Conv-A DONE | AF38: Conv-A DONE | AG38: 45531 | AH38: Done | AI38: 45195 | AJ38: Done | AK38: 45546 | AM38: 45533
A39: 38 | B39: 37312 | C39: HLC-B | D39: STBNL0681HLCD | E39: Erode | F39: SR | G39: CHE | H39: 43844 | I39: 681 | J39: Nashik | K39: M-U7D2S04V.005, MO-U7F2S240.005 | L39: 44231 | M39: UAT2Y440.012 | N39: 44182 | O39: 45427 | Q39: Done by NW | R39: Done by NW | T39: Conv-B DONE | U39: Conv-B DONE | Y39: Conv-B DONE | Z39: Conv-B DONE | AF39: Conv-B DONE | AG39: 45531 | AH39: Done | AI39: 45195 | AJ39: Done | AK39: 45546 | AM39: 45533
A40: 39 | B40: 37315 | C40: HLC-A | D40: STBDL0724HLCD | E40: Erode | F40: SR | G40: CHE | H40: 43846 | I40: 724 | J40: Nashik | K40: M-U7D2S04V.005, MO-U7F2S240.005 | L40: 44191 | M40: UAT2Y440.012 | N40: 44176 | O40: 45399 | Q40: Done by NW | R40: Done by NW | S40: Conv-A DONE | T40: Conv-A DONE | U40: Conv-A DONE | W40: Conv-A DONE | Y40: Conv-A DONE | Z40: Conv-A DONE | AD40: Conv-A DONE | AF40: Conv-A DONE | AG40: 45499 | AH40: Done | AI40: 45208 | AJ40: Done | AK40: 45554 | AM40: 45554
A41: 40 | B41: 37315 | C41: HLC-B | D41: STBDL0725HLCD | E41: Erode | F41: SR | G41: CHE | H41: 43846 | I41: 725 | J41: Nashik | K41: M-U7D2S04V.005, MO-U7F2S240.005 | L41: 44191 | M41: UAT2Y440.012 | N41: 44176 | O41: 45399 | Q41: Done by NW | R41: Done by NW | S41: Conv-B DONE | T41: Conv-B DONE | U41: Conv-B DONE | W41: Conv-B DONE | Y41: Conv-B DONE | Z41: Conv-B DONE | AD41: Conv-B DONE | AF41: Conv-B DONE | AG41: 45499 | AH41: Done | AI41: 45208 | AJ41: Done | AK41: 45554 | AM41: 45554
A42: 41 | B42: 37317 | C42: HLC-A | D42: STBNL0723HLCD | E42: Erode | F42: SR | G42: CHE | H42: 43853 | I42: 723 | J42: Nashik | K42: M-U7D2S04V.005, MO-U7F2S240.005 | L42: 44221 | M42: UAT2Y440.012 | N42: 44221 | O42: 45401 | Q42: Done by NW | R42: Done by NW | T42: Conv-A DONE | U42: Conv-A DONE | W42: Conv-A DONE | Y42: Conv-A DONE | Z42: Conv-A DONE | AD42: Conv-A DONE | AF42: Conv-A DONE | AG42: 45497 | AH42: Done | AI42: 45190 | AJ42: Done | AK42: 45558 | AM42: 45559
A43: 42 | B43: 37317 | C43: HLC-B | D43: STBDL0728HLCD | E43: Erode | F43: SR | G43: CHE | H43: 43853 | I43: 728 | J43: Nashik | K43: M-U7D2S04V.005, MO-U7F2S240.005 | L43: 44221 | M43: UAT2Y440.012 | N43: 44221 | O43: 45401 | Q43: Done by NW | R43: Done by NW | T43: Conv-B DONE | U43: Conv-B DONE | W43: Conv-B DONE | Y43: Conv-B DONE | Z43: Conv-B DONE | AD43: Conv-B DONE | AF43: Conv-B DONE | AG43: 45497 | AH43: Done | AI43: 45190 | AJ43: Done | AK43: 45558 | AM43: 45559
A44: 43 | B44: 37319 | C44: HLC-A | D44: STBNL0695HLCD | E44: Erode | F44: SR | G44: CHE | H44: 43857 | I44: 695 | J44: Nashik | K44: M-U7D2S04V.005, MO-U7F2S240.005 | L44: 44224 | M44: UAT2Y440.012 | N44: 44224 | O44: 45392 | Q44: Done by NW | R44: Done by NW | S44: Conv-A DONE | T44: Conv-A DONE | U44: Conv-A DONE | W44: Conv-A DONE | Y44: Conv-A DONE | Z44: Conv-A DONE | AB44: EL17D05030-R | AD44: Conv-A DONE | AF44: Conv-A DONE | AG44: 45488 | AH44: Done | AI44: 45203 | AJ44: Done | AK44: 45579 | AM44: 45580
A45: 44 | B45: 37319 | C45: HLC-B | D45: STBNL0691HLCD | E45: Erode | F45: SR | G45: CHE | H45: 43857 | I45: 691 | J45: Nashik | K45: M-U7D2S04V.005, MO-U7F2S240.005 | L45: 44224 | M45: UAT2Y440.012 | N45: 44224 | O45: 45392 | Q45: Done by NW | R45: Done by NW | S45: Conv-B DONE | T45: Conv-B DONE | U45: Conv-B DONE | W45: Conv-B DONE | Y45: Conv-B DONE | Z45: Conv-B DONE | AD45: Conv-B DONE | AF45: Conv-B DONE | AG45: 45488 | AH45: Done | AI45: 45203 | AJ45: Done | AK45: 45579 | AM45: 45580
A46: 45 | B46: 37371 | C46: HLC-A | D46: STBDL0746HLCD | E46: Erode | F46: SR | G46: CHE | H46: 43995 | I46: 746 | J46: Nashik | K46: M-U7D2S04V.005, MO-U7F2S240.005 | L46: 44231 | M46: UAT2Y440.012 | N46: 44175 | O46: 45432 | Q46: Done by NW | R46: Done by NW | S46: Conv-A DONE | T46: Conv-A DONE | U46: Conv-A DONE | W46: Conv-A DONE | X46: Conv-A DONE | Y46: Conv-A DONE | Z46: Conv-A DONE | AD46: Conv-A DONE | AF46: Conv-A DONE | AG46: 45594 | AH46: Done | AI46: 45245 | AJ46: Done | AK46: 45686 | AM46: 45527
A47: 46 | B47: 37371 | C47: HLC-B | D47: STBDL0733HLCD | E47: Erode | F47: SR | G47: CHE | H47: 43995 | I47: 733 | J47: Nashik | K47: M-U7D2S04V.005, MO-U7F2S240.005 | L47: 44231 | M47: UAT2Y440.012 | N47: 44175 | O47: 45432 | Q47: Done by NW | R47: Done by NW | S47: Conv-B DONE | T47: Conv-B DONE | U47: Conv-B DONE | W47: Conv-B DONE | X47: Conv-B DONE | Y47: Conv-B DONE | Z47: Conv-B DONE | AD47: Conv-B DONE | AF47: Conv-B DONE | AG47: 45594 | AH47: Done | AI47: 45245 | AJ47: Done | AK47: 45686 | AM47: 45527
A48: 47 | B48: 37373 | C48: HLC-A | D48: STBDL0749HLCD | E48: Erode | F48: SR | G48: CHE | H48: 43998 | I48: 749 | J48: Nashik | K48: M-U7D2S04V.005, MO-U7F2S240.005 | L48: 44206 | M48: UAT2Y440.012 | N48: 44176 | O48: 45394 | Q48: Done by NW | R48: Done by NW | S48: Conv-A DONE | T48: Conv-A DONE | U48: Conv-A DONE | W48: Conv-A DONE | Y48: Conv-A DONE | Z48: Conv-A DONE | AD48: Conv-A DONE | AF48: Conv-A DONE | AG48: 45493 | AH48: Done | AI48: 45197 | AJ48: Done | AK48: 45762 | AM48: 45566
A49: 48 | B49: 37373 | C49: HLC-B | D49: STBDL0731HLCD | E49: Erode | F49: SR | G49: CHE | H49: 43998 | I49: 731 | J49: Nashik | K49: M-U7D2S04V.005, MO-U7F2S240.005 | L49: 44206 | M49: UAT2Y440.012 | N49: 44176 | O49: 45394 | Q49: Done by NW | R49: Done by NW | S49: Conv-B DONE | T49: Conv-B DONE | U49: Conv-B DONE | W49: Conv-B DONE | Y49: Conv-B DONE | Z49: Conv-B DONE | AD49: Conv-B DONE | AF49: Conv-B DONE | AG49: 45493 | AH49: Done | AI49: 45197 | AJ49: Done | AK49: 45762 | AM49: 45566
A50: 49 | B50: 37436 | C50: HLC-A | D50: STB5M0828HLCD | E50: Erode | F50: SR | G50: CHE | H50: 44071 | I50: 828 | J50: Nashik | K50: M-U7D2S04V.005, MO-U7F2S240.005 | L50: 44203 | M50: UAT2Y440.012 | N50: 44193 | O50: 45460 | Q50: Done by NW | R50: Done by NW | S50: Conv-A DONE | T50: Conv-B DONE | U50: Conv-B DONE | W50: Conv-B DONE | X50: Done by NW | Y50: Conv-A DONE | Z50: Conv-B DONE | AD50: Conv-A DONE | AF50: Conv-A DONE | AG50: 45549 | AH50: Done | AI50: 45161 | AJ50: Done | AK50: 45785 | AM50: 45551
A51: 50 | B51: 37436 | C51: HLC-B | D51: STB5M0829HLCD | E51: Erode | F51: SR | G51: CHE | H51: 44071 | I51: 829 | J51: Nashik | K51: M-U7D2S04V.005, MO-U7F2S240.005 | L51: 44203 | M51: UAT2Y440.012 | N51: 44193 | O51: 45460 | Q51: Done by NW | R51: Done by NW | S51: Conv-B DONE | T51: Conv-A DONE | U51: Conv-A DONE | W51: Conv-A DONE | X51: Done by NW | Y51: Conv-B DONE | Z51: Conv-A DONE | AB51: EL17G01005-R | AD51: Conv-B DONE | AF51: Conv-B DONE | AG51: 45549 | AH51: Done | AI51: 45161 | AJ51: Done | AK51: 45785 | AM51: 45551
A52: 51 | B52: 37448 | C52: HLC-A | D52: STB6M0852HLCD | E52: Erode | F52: SR | G52: CHE | H52: 44088 | I52: 852 | J52: Nashik | K52: M-U7D2S04V.005, MO-U7F2S240.005 | L52: 44217 | M52: UAT2Y440.012 | N52: 44184 | O52: 45391 | Q52: Done by NW | R52: Done by NW | T52: Conv-A DONE | U52: Conv-A DONE | W52: Conv-A DONE | X52: Done by NW | Y52: Conv-A DONE | Z52: Conv-A DONE | AD52: Conv-A DONE | AF52: Conv-A DONE | AG52: 45485 | AH52: Done | AI52: 45187 | AJ52: Done | AK52: 45792 | AM52: 45594
A53: 52 | B53: 37448 | C53: HLC-B | D53: STB6M0853HLCD | E53: Erode | F53: SR | G53: CHE | H53: 44088 | I53: 853 | J53: Nashik | K53: M-U7D2S04V.005, MO-U7F2S240.005 | L53: 44217 | M53: UAT2Y440.012 | N53: 44184 | O53: 45391 | Q53: Done by NW | R53: Done by NW | T53: Conv-B DONE | U53: Conv-B DONE | W53: Conv-B DONE | X53: Done by NW | Y53: Conv-B DONE | Z53: Conv-B DONE | AD53: Conv-B DONE | AF53: Conv-B DONE | AG53: 45485 | AH53: Done | AI53: 45187 | AJ53: Done | AK53: 45792 | AM53: 45594
A54: 53 | B54: 37462 | C54: HLC-A | D54: STB8M0943HLCD | E54: Erode | F54: SR | G54: CHE | H54: 44173 | I54: 943 | J54: Nashik | K54: M-U7D2S04V.005, MO-U7F2S240.005 | L54: Done by NW | M54: UAT2Y440.012 | N54: 44214 | O54: 45414 | Q54: Done by NW | R54: Done by NW | S54: Conv-A DONE | T54: Conv-A DONE | U54: Conv-A DONE | W54: Conv-A DONE | X54: Done by NW | Y54: Conv-A DONE | Z54: Conv-A DONE | AD54: Conv-A DONE | AF54: Conv-A DONE | AG54: 45474 | AH54: Done | AI54: 45199 | AJ54: Done | AM54: 45474
A55: 54 | B55: 37462 | C55: HLC-B | D55: STB8M0942HLCD | E55: Erode | F55: SR | G55: CHE | H55: 44173 | I55: 942 | J55: Nashik | K55: M-U7D2S04V.005, MO-U7F2S240.005 | L55: Done by NW | M55: UAT2Y440.012 | N55: 44214 | O55: 45414 | Q55: Done by NW | R55: Done by NW | S55: Conv-B DONE | T55: Conv-B DONE | U55: Conv-B DONE | W55: Conv-B DONE | X55: Done by NW | Y55: Conv-B DONE | Z55: Conv-B DONE | AD55: Conv-B DONE | AF55: Conv-B DONE | AG55: 45474 | AH55: Done | AI55: 45199 | AJ55: Done | AM55: 45474
A56: 55 | B56: 37482 | C56: HLC-A | D56: STB8M0904HLCD | E56: Erode | F56: SR | G56: CHE | H56: 44153 | I56: 904 | J56: Nashik | K56: M-U7D2S04V.005, MO-U7F2S240.005 | L56: Done by NW | M56: UAT2Y440.012 | N56: 44193 | O56: 45391 | Q56: Done by NW | R56: Done by NW | S56: Conv-A DONE | T56: Conv-A DONE | U56: Conv-A DONE | W56: Conv-A DONE | X56: Done by NW | Y56: Conv-A DONE | Z56: Conv-A DONE | AD56: Conv-A DONE | AF56: Conv-A DONE | AG56: 45465 | AH56: Done | AI56: 45184 | AJ56: Done | AM56: 45472
A57: 56 | B57: 37482 | C57: HLC-B | D57: STB8M0905HLCD | E57: Erode | F57: SR | G57: CHE | H57: 44153 | I57: 905 | J57: Nashik | K57: M-U7D2S04V.005, MO-U7F2S240.005 | L57: Done by NW | M57: UAT2Y440.012 | N57: 44193 | O57: 45391 | Q57: Done by NW | R57: Done by NW | S57: Conv-B DONE | T57: Conv-B DONE | U57: Conv-B DONE | W57: Conv-B DONE | X57: Done by NW | Y57: Conv-B DONE | Z57: Conv-B DONE | AD57: Conv-B DONE | AF57: Conv-B DONE | AG57: 45465 | AH57: Done | AI57: 45184 | AJ57: Done | AM57: 45472
A58: 57 | B58: 37485 | C58: HLC-A | D58: STB9M0970HLCD | E58: Erode | F58: SR | G58: CHE | H58: 44162 | I58: 970 | J58: Nashik | K58: M-U7D2S04V.005, MO-U7F2S240.005 | L58: Done by NW | M58: UAT2Y440.012 | N58: 44219 | O58: 45150 | Q58: Done by NW | R58: Done by NW | T58: Conv-A DONE | U58: Conv-A DONE | W58: Conv-A DONE | X58: Done by NW | Y58: Conv-A DONE | Z58: Conv-A DONE | AD58: Conv-A DONE | AF58: Conv-A DONE | AG58: 45476 | AH58: Done | AI58: 45195 | AJ58: Done | AM58: 45474
A59: 58 | B59: 37485 | C59: HLC-B | D59: STB9M0971HLCD | E59: Erode | F59: SR | G59: CHE | H59: 44162 | I59: 971 | J59: Nashik | K59: M-U7D2S04V.005, MO-U7F2S240.005 | L59: Done by NW | M59: UAT2Y440.012 | N59: 44219 | O59: 45150 | Q59: Done by NW | R59: Done by NW | T59: Conv-B DONE | U59: Conv-B DONE | W59: Conv-B DONE | X59: Done by NW | Y59: Conv-B DONE | Z59: Conv-B DONE | AD59: Conv-B DONE | AF59: Conv-B DONE | AG59: 45476 | AH59: Done | AI59: 45195 | AJ59: Done | AM59: 45474
A60: 59 | B60: 37494 | C60: HLC-A | D60: STB8M0950HLCD | E60: Erode | F60: SR | G60: CHE | H60: 44184 | I60: 950 | J60: Nashik | K60: M-U7D2S04V.005, MO-U7F2S240.005 | L60: Done by NW | M60: UAT2Y440.012 | N60: 44229 | O60: 45433 | Q60: Done by NW | R60: Done by NW | T60: Conv-A DONE | U60: Conv-A DONE | W60: Conv-A DONE | X60: Done by NW | Y60: Conv-A DONE | Z60: Conv-A DONE | AF60: Conv-A DONE | AG60: 45533 | AH60: Done | AI60: 45246 | AJ60: Done | AM60: 45534
A61: 60 | B61: 37494 | C61: HLC-B | D61: STBOM1001HLCD | E61: Erode | F61: SR | G61: CHE | H61: 44184 | I61: 1001 | J61: Nashik | K61: M-U7D2S04V.005, MO-U7F2S240.005 | L61: Done by NW | M61: UAT2Y440.012 | N61: 44229 | O61: 45433 | Q61: Done by NW | R61: Done by NW | T61: Conv-B DONE | U61: Conv-B DONE | W61: Conv-B DONE | X61: Done by NW | Y61: Conv-B DONE | Z61: Conv-B DONE | AF61: Conv-B DONE | AG61: 45533 | AH61: Done | AI61: 45246 | AJ61: Done | AM61: 45534
A62: 61 | B62: 37544 | C62: HLC-A | D62: STB8M0906HLCD | E62: Erode | F62: SR | G62: CHE | H62: 44255 | I62: 906 | J62: Nashik | K62: M-U7D2S04V.005, MO-U7F2S240.005 | L62: Done by NW | M62: UAT2Y440.012 | N62: 25.03.21 | O62: 45168 | P62: 45387 | Q62: Done by NW | R62: Done by NW | S62: Conv-A DONE | T62: Conv-A DONE | U62: Conv-A DONE | W62: Conv-A DONE | X62: Done by NW | Y62: Conv-A DONE | Z62: Conv-A DONE | AD62: Conv-A DONE | AF62: Conv-A DONE | AG62: 45477 | AH62: Done | AI62: 45168 | AJ62: Done
A63: 62 | B63: 37544 | C63: HLC-B | D63: STB8M0907HLCD | E63: Erode | F63: SR | G63: CHE | H63: 44255 | I63: 907 | J63: Nashik | K63: M-U7D2S04V.005, MO-U7F2S240.005 | L63: Done by NW | M63: UAT2Y440.012 | N63: 25.03.21 | O63: 45168 | P63: 45387 | Q63: Done by NW | R63: Done by NW | S63: Conv-B DONE | T63: Conv-B DONE | U63: Conv-B DONE | W63: Conv-B DONE | X63: Done by NW | Y63: Conv-B DONE | Z63: Conv-B DONE | AD63: Conv-B DONE | AF63: Conv-B DONE | AG63: 45477 | AH63: Done | AI63: 45168 | AJ63: Done
A64: 63 | B64: 37546 | C64: HLC-A | D64: STB0M1007HLCD | E64: Erode | F64: SR | G64: CHE | H64: 44255 | I64: 1007 | J64: Nashik | K64: M-U7D2S04V.005, MO-U7F2S240.005 | L64: Done by NW | M64: UAT2Y440.012 | N64: 19.04.21 | O64: 45395 | P64: 45418 | Q64: Done by NW | R64: Done by NW | T64: Conv-A DONE | U64: Conv-A DONE | W64: Conv-A DONE | X64: Done by NW | Y64: Conv-A DONE | Z64: Conv-A DONE | AD64: Conv-A DONE | AF64: Conv-A DONE | AG64: 45528 | AH64: Done | AI64: 45162 | AJ64: Done | AM64: 45527
A65: 64 | B65: 37546 | C65: HLC-B | D65: STB0M1013HLCD | E65: Erode | F65: SR | G65: CHE | H65: 44255 | I65: 1013 | J65: Nashik | K65: M-U7D2S04V.005, MO-U7F2S240.005 | L65: Done by NW | M65: UAT2Y440.012 | N65: 19.04.21 | O65: 45395 | P65: 45418 | Q65: Done by NW | R65: Done by NW | T65: Conv-B DONE | U65: Conv-B DONE | W65: Conv-B DONE | X65: Done by NW | Y65: Conv-B DONE | Z65: Conv-B DONE | AD65: Conv-B DONE | AF65: Conv-B DONE | AG65: 45528 | AH65: Done | AI65: 45162 | AJ65: Done | AM65: 45527
A66: 65 | B66: 37563 | C66: HLC-A | D66: STB7M0865HLCD | E66: Raipuram | F66: SR | G66: CHE | H66: 44291 | I66: 865 | J66: Nashik | K66: M-U7D2S04V.005, MO-U7F2S240.005 | L66: Done by NW | M66: UAT2Y440.012 | N66: Done | P66: 45458 | Q66: Done by NW | R66: Done by NW | T66: Conv-A DONE | X66: Done by NW | Z66: Conv-A DONE | AD66: Conv-A DONE | AF66: Conv-A DONE | AG66: 45477 | AH66: Done | AI66: 45119 | AJ66: Done | AM66: 45491
A67: 66 | B67: 37563 | C67: HLC-B | D67: STB7M0864HLCD | E67: Raipuram | F67: SR | G67: CHE | H67: 44291 | I67: 864 | J67: Nashik | K67: M-U7D2S04V.005, MO-U7F2S240.005 | L67: Done by NW | M67: UAT2Y440.012 | N67: Done | P67: 45458 | Q67: Done by NW | R67: Done by NW | T67: Conv-B DONE | X67: Done by NW | Z67: Conv-B DONE | AD67: Conv-B DONE | AF67: Conv-B DONE | AG67: 45477 | AH67: Done | AI67: 45119 | AJ67: Done | AM67: 45491
A68: 67 | B68: 39123 | C68: HLC-A | D68: STBOL0666HLCD | E68: Erode | F68: SR | G68: CHE | H68: 43851 | I68: 666 | J68: Nashik | K68: M-U7D2S04V.005, MO-U7F2S240.005 | L68: 44543 | M68: UAT2Y440.012 | N68: 44175 | O68: 45140 | Q68: Done by NW | R68: Done by NW | S68: Conv-A DONE | T68: Conv-A DONE | U68: Conv-A DONE | W68: Conv-A DONE | Y68: Conv-A DONE | Z68: Conv-A DONE | AF68: Conv-A DONE | AG68: 45488 | AH68: Done | AI68: 45183 | AJ68: Done | AK68: 45509 | AM68: 45527
A69: 68 | B69: 39123 | C69: HLC-B | D69: STBOL0652HLCD | E69: Erode | F69: SR | G69: CHE | H69: 43851 | I69: 652 | J69: Nashik | K69: M-U7D2S04V.005, MO-U7F2S240.005 | L69: 44543 | M69: UAT2Y440.012 | N69: 44175 | O69: 45140 | Q69: Done by NW | R69: Done by NW | S69: Conv-B DONE | T69: Conv-B DONE | U69: Conv-B DONE | W69: Conv-B DONE | Y69: Conv-B DONE | Z69: Conv-B DONE | AF69: Conv-B DONE | AG69: 45488 | AH69: Done | AI69: 45183 | AJ69: Done | AK69: 45509 | AM69: 45527
A70: 69 | B70: 39125 | C70: HLC-A | D70: STBOL0669HLCD | E70: Erode | F70: SR | G70: CHE | H70: 43858 | I70: 669 | J70: Nashik | K70: M-U7D2S04V.005, MO-U7F2S240.005 | L70: 44268 | M70: UAT2Y440.012 | N70: 44175 | O70: 45166 | P70: 45418 | Q70: Done by NW | R70: Done by NW | S70: Conv-A DONE | T70: Conv-A DONE | U70: Conv-A DONE | Y70: Conv-A DONE | Z70: Conv-A DONE | AB70: EL18B07014-R | AD70: Conv-A DONE | AF70: Conv-A DONE | AG70: 45484 | AH70: Done | AI70: 45166 | AJ70: Done | AK70: 45475 | AM70: 45475
A71: 70 | B71: 39125 | C71: HLC-B | D71: STB5L0529HLCD | E71: Erode | F71: SR | G71: CHE | H71: 43858 | I71: 529 | J71: Nashik | K71: M-U7D2S04V.005, MO-U7F2S240.005 | L71: 44268 | M71: UAT2Y440.012 | N71: 44175 | O71: 45166 | P71: 45418 | Q71: Done by NW | R71: Conv-B DONE | S71: Conv-B DONE | T71: Conv-B DONE | U71: Conv-B DONE | Y71: Conv-B DONE | Z71: Conv-B DONE | AD71: Conv-B DONE | AF71: Conv-B DONE | AG71: 45484 | AH71: Done | AI71: 45166 | AJ71: Done | AK71: 45475 | AM71: 45475
A72: 71 | B72: 30475 | C72: HLC-A | D72: STBDF0047HLCA | E72: Raipuram | F72: SR | G72: CHE | H72: 42511 | I72: 47 | J72: Imported | K72: M-U7D2S04V.005, MO-U7F2S240.005 | L72: 44168 | M72: L3I2ZY72.008 | N72: Done | O72: 45281 | R72: Conv-A DONE | T72: Conv-A DONE | Y72: Conv-A DONE | Z72: Conv-A DONE | AD72: Conv-A DONE | AF72: NA(Old type bus bar) | AG72: 45470 | AH72: Done | AI72: 45192 | AJ72: Done | AL72: 45647 | AM72: NA(Existing arrangement not feasible )
A73: 72 | B73: 30475 | C73: HLC-B | D73: STBDF0048HLCA | E73: Raipuram | F73: SR | G73: CHE | H73: 42511 | I73: 48 | J73: Imported | K73: M-U7D2S04V.005, MO-U7F2S240.005 | L73: 44168 | M73: L3I2ZY72.008 | N73: Done | O73: 45281 | R73: Conv-B DONE | T73: Conv-B DONE | Y73: Conv-B DONE | Z73: Conv-B DONE | AD73: Conv-B DONE | AF73: NA(Old type bus bar) | AG73: 45470 | AH73: Done | AI73: 45192 | AJ73: Done | AL73: 45647 | AM73: NA(Existing arrangement not feasible )
A74: 73 | B74: 30477 | C74: HLC-A | D74: STB1F0042HLCB | E74: Raipuram | F74: SR | G74: CHE | H74: 42520 | I74: 42 | J74: Imported | K74: M-U7D2S04V.005, MO-U7F2S240.005 | L74: 44124 | M74: L3I2ZY72.008 | N74: Done | O74: 45061 | R74: Conv-A DONE | T74: Conv-A DONE | Y74: Conv-A DONE | Z74: Conv-A DONE | AD74: Conv-A DONE | AF74: NA(Old type bus bar) | AG74: 45502 | AH74: Done | AI74: 45161 | AJ74: Done | AM74: NA(Existing arrangement not feasible )
A75: 74 | B75: 30477 | C75: HLC-B | D75: STB1N0037HLCB | E75: Raipuram | F75: SR | G75: CHE | H75: 42520 | I75: 37 | J75: Imported | K75: M-U7D2S04V.005, MO-U7F2S240.005 | L75: 44124 | M75: L3I2ZY72.008 | N75: Done | O75: 45061 | R75: Conv-B DONE | T75: Conv-B DONE | Y75: Conv-B DONE | Z75: Conv-B DONE | AD75: Conv-B DONE | AF75: NA(Old type bus bar) | AG75: 45502 | AH75: Done | AI75: 45161 | AJ75: Done | AM75: NA(Existing arrangement not feasible )
A76: 75 | B76: 30479 | C76: HLC-A | D76: STB9F0030HLCB | E76: Raipuram | F76: SR | G76: CHE | H76: 42516 | I76: 30 | J76: Imported | K76: M-U7D2S04V.005, MO-U7F2S240.005 | L76: 44170 | M76: L3I2ZY72.008 | N76: Done | O76: 45084 | P76: 44683 | R76: Conv-A DONE | T76: Conv-A DONE | Y76: Conv-A DONE | Z76: Conv-A DONE | AD76: Conv-A DONE | AF76: NA(Old type bus bar) | AG76: 45475 | AH76: Done | AI76: 45205 | AJ76: Done | AL76: 45652 | AM76: NA(Existing arrangement not feasible )
A77: 76 | B77: 30479 | C77: HLC-B | D77: STB9F0029HLCB | E77: Raipuram | F77: SR | G77: CHE | H77: 42516 | I77: 29 | J77: Imported | K77: M-U7D2S04V.005, MO-U7F2S240.005 | L77: 44170 | M77: L3I2ZY72.008 | N77: Done | O77: 45084 | P77: 44683 | R77: Conv-B DONE | T77: Conv-B DONE | Y77: Conv-B DONE | Z77: Conv-B DONE | AD77: Conv-B DONE | AF77: NA(Old type bus bar) | AG77: 45475 | AH77: Done | AI77: 45205 | AJ77: Done | AL77: 45652 | AM77: NA(Existing arrangement not feasible )
A78: 77 | B78: 30482 | C78: HLC-A | D78: STB8F0022HLDA | E78: Raipuram | F78: SR | G78: CHE | H78: 42570 | I78: 22 | J78: Imported | K78: M-U7D2S04V.005, MO-U7F2S240.005 | L78: Done | M78: L3I2ZY72.008 | N78: Done | O78: 45391 | P78: 44699 | Q78: Conv-A DONE | R78: Conv-A DONE | T78: Conv-A DONE | Y78: Conv-A DONE | Z78: Conv-A DONE | AD78: Conv-A DONE | AF78: NA(Old type bus bar) | AG78: 45495 | AH78: Done | AI78: 45152 | AJ78: Done | AM78: NA(Existing arrangement not feasible )
A79: 78 | B79: 30482 | C79: HLC-B | D79: STB8F0046HLDA | E79: Raipuram | F79: SR | G79: CHE | H79: 42570 | I79: 46 | J79: Imported | K79: M-U7D2S04V.005, MO-U7F2S240.005 | L79: Done | M79: L3I2ZY72.008 | N79: Done | O79: 45391 | P79: 44699 | Q79: Conv-B DONE | R79: Conv-B DONE | T79: Conv-B DONE | Y79: Conv-B DONE | Z79: Conv-B DONE | AD79: Conv-B DONE | AF79: NA(Old type bus bar) | AG79: 45495 | AH79: Done | AI79: 45152 | AJ79: Done | AM79: NA(Existing arrangement not feasible )
A80: 79 | B80: 30528 | C80: HLC-A | D80: STB7H0068HLCC | E80: Raipuram | F80: SR | G80: CHE | H80: 42849 | I80: 68 | J80: Imported | K80: M-U7D2S04V.005, MO-U7F2S240.005 | L80: 44265 | M80: UAT2Y440.012 | N80: 44265 | O80: 45071 | P80: 44700 | Q80: Conv-A DONE | R80: Conv-A DONE | T80: Conv-A DONE | Y80: Conv-A DONE | Z80: Conv-A DONE | AD80: Conv-A DONE | AF80: NA(Old type bus bar) | AG80: 45497 | AH80: Done | AI80: 45166 | AJ80: Done | AL80: 45590 | AM80: NA(Existing arrangement not feasible )
A81: 80 | B81: 30528 | C81: HLC-B | D81: STB7H0071HLCC | E81: Raipuram | F81: SR | G81: CHE | H81: 42849 | I81: 71 | J81: Imported | K81: M-U7D2S04V.005, MO-U7F2S240.005 | L81: 44265 | M81: UAT2Y440.012 | N81: 44265 | O81: 45071 | P81: 44700 | Q81: Conv-B DONE | R81: Conv-B DONE | T81: Conv-B DONE | Y81: Conv-B DONE | Z81: Conv-B DONE | AB81: EL22B02001 | AD81: Conv-B DONE | AF81: NA(Old type bus bar) | AG81: 45497 | AH81: Done | AI81: 45166 | AJ81: Done | AL81: 45590 | AM81: NA(Existing arrangement not feasible )
A82: 81 | B82: 30545 | C82: HLC-A | D82: STB9H0083HLCC | E82: Raipuram | F82: SR | G82: CHE | H82: 42886 | I82: 83 | J82: Imported | K82: M-U7D2S04V.005, MO-U7F2S240.005 | L82: 44176 | M82: UAT2Y440.012 | N82: 44196 | O82: 45559 | P82: 44663 | R82: Conv-A DONE | T82: Conv-A DONE | Y82: Conv-A DONE | Z82: Conv-A DONE | AD82: Conv-A DONE | AF82: NA(Old type bus bar) | AG82: 45470 | AH82: Done | AI82: 45192 | AJ82: Done | AM82: NA(Existing arrangement not feasible )
A83: 82 | B83: 30545 | C83: HLC-B | D83: STB9H0082HLCC | E83: Raipuram | F83: SR | G83: CHE | H83: 42886 | I83: 82 | J83: Imported | K83: M-U7D2S04V.005, MO-U7F2S240.005 | L83: 44176 | M83: UAT2Y440.012 | N83: 44196 | O83: 45559 | P83: 44663 | R83: Conv-B DONE | T83: Conv-B DONE | Y83: Conv-B DONE | Z83: Conv-B DONE | AD83: Conv-B DONE | AF83: NA(Old type bus bar) | AG83: 45470 | AH83: Done | AI83: 45192 | AJ83: Done | AM83: NA(Existing arrangement not feasible )
A84: 83 | B84: 30597 | C84: HLC-A | D84: STB6J0110HLCD | E84: Raipuram | F84: SR | G84: CHE | H84: 43053 | I84: 110 | J84: Nashik | K84: M-U7D2S04V.005, MO-U7F2S240.005 | L84: 44335 | M84: UAT2Y440.012 | N84: 44464 | O84: 45532 | R84: Conv-A DONE | T84: Conv-A DONE | Z84: Conv-A DONE | AD84: Conv-A DONE | AF84: Conv-A DONE | AG84: 45464 | AH84: Done | AI84: 45209 | AJ84: Done | AM84: Old type mesh
A85: 84 | B85: 30597 | C85: HLC-B | D85: STB6J0113HLCD | E85: Raipuram | F85: SR | G85: CHE | H85: 43053 | I85: 113 | J85: Nashik | K85: M-U7D2S04V.005, MO-U7F2S240.005 | L85: 44335 | M85: UAT2Y440.012 | N85: 44464 | O85: 45532 | R85: Conv-B DONE | T85: Conv-B DONE | Z85: Conv-B DONE | AD85: Conv-B DONE | AF85: Conv-B DONE | AG85: 45464 | AH85: Done | AI85: 45209 | AJ85: Done | AM85: Old type mesh
A86: 85 | B86: 30615 | C86: HLC-A | D86: STB8J0137HLCD | E86: Raipuram | F86: SR | G86: CHE | H86: 43071 | I86: 137 | J86: Nashik | K86: M-U7D2S04V.005, MO-U7F2S240.005 | L86: 44185 | M86: UAT2Y440.012 | N86: 44185 | Q86: Conv-A DONE | R86: Conv-A DONE | S86: Conv-A DONE | T86: Conv-A DONE | U86: Conv-A DONE | Z86: Conv-A DONE | AD86: Conv-A DONE | AF86: Conv-A DONE | AG86: 45530 | AH86: Done | AI86: 45253 | AJ86: Done | AK86: 45610 | AM86: Old type mesh
A87: 86 | B87: 30615 | C87: HLC-B | D87: STB9J0157HLCD | E87: Raipuram | F87: SR | G87: CHE | H87: 43071 | I87: 157 | J87: Nashik | K87: M-U7D2S04V.005, MO-U7F2S240.005 | L87: 44185 | M87: UAT2Y440.012 | N87: 44185 | Q87: Conv-B DONE | R87: Conv-B DONE | S87: Conv-B DONE | T87: Conv-B DONE | U87: Conv-B DONE | Z87: Conv-B DONE | AB87: EL19H01015-R | AD87: Conv-B DONE | AF87: Conv-B DONE | AG87: 45530 | AH87: Done | AI87: 45253 | AJ87: Done | AK87: 45610 | AM87: Old type mesh
A88: 87 | B88: 30749 | C88: HLC-A | D88: STB4K0227HLCD | E88: Erode | F88: SR | G88: CHE | H88: 43649 | I88: 227 | J88: Nashik | K88: M-U7D2S04V.005, MO-U7F2S240.005 | L88: 44215 | M88: UAT2Y440.012 | N88: 44181 | O88: 45033 | R88: Conv-A DONE | T88: Conv-A DONE | U88: Conv-A DONE | W88: Conv-A DONE | AB88: EL16H03004-R | AF88: Conv-A DONE | AG88: 45533 | AH88: Done | AI88: 45183 | AJ88: Done | AM88: Old type mesh
A89: 88 | B89: 30749 | C89: HLC-B | D89: STB5K0228HLCD | E89: Erode | F89: SR | G89: CHE | H89: 43649 | I89: 228 | J89: Nashik | K89: M-U7D2S04V.005, MO-U7F2S240.005 | L89: 44215 | M89: UAT2Y440.012 | N89: 44181 | O89: 45033 | R89: Conv-B DONE | T89: Conv-B DONE | U89: Conv-B DONE | W89: Conv-B DONE | AF89: Conv-B DONE | AG89: 45533 | AH89: Done | AI89: 45183 | AJ89: Done | AM89: Old type mesh
A90: 89 | B90: 37068 | C90: HLC-A | D90: STB6K0255HLCD | E90: Raipuram | F90: SR | G90: CHE | H90: 43459 | I90: 255 | J90: Nashik | K90: M-U7D2S04V.005, MO-U7F2S240.005 | L90: 44342 | M90: UAT2Y440.012 | N90: 44203 | O90: 45078 | P90: 45458 | R90: Conv-A DONE | T90: Conv-A DONE | U90: Conv-A DONE | Y90: Conv-A DONE | Z90: Conv-A DONE | AB90: EL20L01030 | AD90: Conv-A DONE | AF90: Conv-A DONE | AG90: 45502 | AH90: Done | AI90: 45194 | AJ90: Done | AM90: Old type mesh
A91: 90 | B91: 37068 | C91: HLC-B | D91: STB7K0265HLCD | E91: Raipuram | F91: SR | G91: CHE | H91: 43459 | I91: 265 | J91: Nashik | K91: M-U7D2S04V.005, MO-U7F2S240.005 | L91: 44342 | M91: UAT2Y440.012 | N91: 44203 | O91: 45078 | P91: 45458 | R91: Conv-B DONE | T91: Conv-B DONE | U91: Conv-B DONE | Y91: Conv-B DONE | Z91: Conv-B DONE | AD91: Conv-B DONE | AF91: Conv-B DONE | AG91: 45502 | AH91: Done | AI91: 45194 | AJ91: Done | AM91: Old type mesh
A92: 91 | B92: 37069 | C92: HLC-A | D92: STB6K0254HLCD | E92: Raipuram | F92: SR | G92: CHE | H92: 43461 | I92: 254 | J92: Nashik | K92: M-U7D2S04V.005, MO-U7F2S240.005 | L92: 44270 | M92: UAT2Y440.012 | N92: 44270 | O92: 45286 | P92: 45049 | R92: Conv-A DONE | T92: Conv-A DONE | U92: Conv-A DONE | Y92: Conv-A DONE | Z92: Conv-A DONE | AD92: Conv-A DONE | AF92: Conv-A DONE | AG92: 45465 | AH92: Done | AI92: 45194 | AJ92: Done | AL92: 45568 | AM92: Old type mesh
A93: 92 | B93: 37069 | C93: HLC-B | D93: STB7K0264HLCD | E93: Raipuram | F93: SR | G93: CHE | H93: 43461 | I93: 264 | J93: Nashik | K93: M-U7D2S04V.005, MO-U7F2S240.005 | L93: 44270 | M93: UAT2Y440.012 | N93: 44270 | O93: 45286 | P93: 45049 | R93: Conv-B DONE | T93: Conv-B DONE | U93: Conv-B DONE | Y93: Conv-B DONE | Z93: Conv-B DONE | AD93: Conv-B DONE | AF93: Conv-B DONE | AG93: 45465 | AH93: Done | AI93: 45194 | AJ93: Done | AK93: 45482 | AL93: 45568 | AM93: Old type mesh
A94: 93 | B94: 37114 | C94: HLC-A | D94: STB0K0317HLCD | E94: Raipuram | F94: SR | G94: CHE | H94: 43542 | I94: 317 | J94: Nashik | K94: M-U7D2S04V.005, MO-U7F2S240.005 | L94: 44191 | M94: UAT2Y440.012 | N94: 44191 | P94: 44735 | R94: Conv-A DONE | T94: Conv-A DONE | U94: Conv-A DONE | Y94: Conv-A DONE | Z94: Conv-A DONE | AD94: Conv-A DONE | AF94: Conv-A DONE | AG94: 45478 | AH94: Done | AI94: 45176 | AJ94: Done
A95: 94 | B95: 37114 | C95: HLC-B | D95: STB0K0316HLCD | E95: Raipuram | F95: SR | G95: CHE | H95: 43542 | I95: 316 | J95: Nashik | K95: M-U7D2S04V.005, MO-U7F2S240.005 | L95: 44191 | M95: UAT2Y440.012 | N95: 44191 | P95: 44735 | R95: Conv-B DONE | T95: Conv-B DONE | U95: Conv-B DONE | Y95: Conv-B DONE | Z95: Conv-B DONE | AB95: EL18B07009-R | AC95: EL20L05038 | AD95: Conv-B DONE | AF95: Conv-B DONE | AG95: 45478 | AH95: Done | AI95: 45176 | AJ95: Done
A96: 95 | B96: 37143 | C96: HLC-A | D96: STB2L0413HLCD | E96: Raipuram | F96: SR | G96: CHE | H96: 43571 | I96: 413 | J96: Nashik | K96: M-U7D2S04V.005, MO-U7F2S240.005 | L96: 44180 | M96: UAT2Y440.012 | N96: 44180 | O96: 45148 | P96: 7 | R96: Conv-A DONE | T96: Conv-A DONE | U96: Conv-A DONE | Y96: Conv-A DONE | Z96: Conv-A DONE | AB96: EL18K02045-R | AD96: Conv-A DONE | AF96: Conv-A DONE | AG96: 45470 | AH96: Done | AI96: 45215 | AJ96: Done | AM96: Old type mesh
A97: 96 | B97: 37143 | C97: HLC-B | D97: STB2L0412HLCD | E97: Raipuram | F97: SR | G97: CHE | H97: 43571 | I97: 412 | J97: Nashik | K97: M-U7D2S04V.005, MO-U7F2S240.005 | L97: 44180 | M97: UAT2Y440.012 | N97: 44180 | O97: 45148 | Q97: Con-B done | R97: Conv-B DONE | T97: Conv-B DONE | U97: Conv-B DONE | Y97: Conv-B DONE | Z97: Conv-B DONE | AD97: Conv-B DONE | AF97: Conv-B DONE | AG97: 45470 | AH97: Done | AI97: 45215 | AJ97: Done | AM97: Old type mesh
A98: 97 | B98: 37201 | C98: HLC-A | D98: STB4L0470HLCD | E98: Raipuram | F98: SR | G98: CHE | H98: 43637 | I98: 470 | J98: Nashik | K98: M-U7D2S04V.005, MO-U7F2S240.005 | L98: 44111 | M98: UAT2Y440.012 | N98: 44188 | O98: 45083 | R98: Conv-A DONE | T98: Conv-A DONE | U98: Conv-A DONE | X98: Conv-A DONE | Z98: Conv-A DONE | AD98: Conv-A DONE | AF98: Conv-A DONE | AG98: 45484 | AH98: Done | AI98: 45188 | AJ98: Done | AM98: 45577
A99: 98 | B99: 37201 | C99: HLC-B | D99: STB1L0497HLCD | E99: Raipuram | F99: SR | G99: CHE | H99: 43637 | I99: 497 | J99: Nashik | K99: M-U7D2S04V.005, MO-U7F2S240.005 | L99: 44111 | M99: UAT2Y440.012 | N99: 44188 | O99: 45083 | R99: Conv-B DONE | T99: Conv-B DONE | U99: Conv-B DONE | X99: Conv-B DONE | Z99: Conv-B DONE | AB99: EL19H01007-R | AD99: Conv-B DONE | AF99: Conv-B DONE | AG99: 45484 | AH99: Done | AI99: 45188 | AJ99: Done | AM99: 45577
A100: 99 | B100: 37203 | C100: HLC-A | D100: STB5L0496HLCD | E100: Raipuram | F100: SR | G100: CHE | H100: 43638 | I100: 496 | J100: Nashik | K100: M-U7D2S04V.005, MO-U7F2S240.005 | L100: 44291 | M100: UAT2Y440.012 | N100: 44196 | O100: 45309 | R100: Conv-A DONE | T100: Conv-A DONE | U100: Conv-A DONE | Y100: Conv-A DONE | Z100: Conv-A DONE | AD100: Conv-A DONE | AF100: Conv-A DONE | AG100: 45465 | AH100: Done | AI100: 45211 | AJ100: Done | AL100: 45589 | AM100: 45589
...

Sheet Chennai Summary
A3: Row Labels | B3: Total Panel | C3: Software version in Conv | D3: Software version of Text display | E3: Removal of metal short link from M9000 with wire | F3: Replacement of 10 amp fuse with 20 amp | G3: Shifting of wires on O/P contactor | H3: External earth fault wire | I3: Shifting of wire of output voltage available lamp | J3: Sealing of cable entry of panel | K3: Sealing of main fan plate (On which DC-DC converter installed) | L3: Input choke change | M3: Control fuse 6.5amp to 15amp | N3: Display button | O3: DC link bus bar supporter | P3: Count of New Software version (UAT2Y44O.012) of display updation *DATE* | Q3: Count of Sine Filter Capacitor washer fitment and tightness of connection *DATE* | R3: Count of Software version in Conv (200622) (Master) Y6U2N04V.006 (Module) Y6U2N240.005 *DATE* | S3: Count of Heat Sink Cleaning *Date* | T3: Count of I/P contactor SILICON washer | U3: Count of Steel mesh on cyclonic filter on looc wall
A4: Erode | B4: 100 | C4: 96 | D4: 98 | E4: 70 | F4: 98 | G4: 54 | H4: 98 | I4: 98 | J4: 10 | K4: 73 | L4: 13 | M4: 84 | N4: 10 | O4: 100 | P4: 100 | Q4: 100 | R4: 100 | S4: 30 | U4: 84
A5: Raipuram | B5: 130 | C5: 100 | D5: 106 | E5: 93 | F5: 130 | G5: 68 | H5: 130 | I5: 113 | J5: 10 | K5: 32 | L5: 11 | M5: 130 | N5: 30 | O5: 130 | P5: 64 | Q5: 130 | R5: 130 | S5: 11 | T5: 16 | U5: 102
A6: (blank)
A7: Grand Total | B7: 230 | C7: 196 | D7: 204 | E7: 163 | F7: 228 | G7: 122 | H7: 228 | I7: 211 | J7: 20 | K7: 105 | L7: 24 | M7: 214 | N7: 40 | O7: 230 | P7: 164 | Q7: 230 | R7: 230 | S7: 41 | T7: 16 | U7: 186

Sheet Detail3
A1: Details for Total Panel - Base Shed: Kanpur
A3: S.No. | B3: Loco no. | C3: HLC | D3: Serial no. of HLC | E3: Base Shed | F3: Railway | G3: Region | H3: DOC | I3: serial no. | J3: Type of Text display | K3: Software version in Conv | L3: Software version in Conv (Master) U7D2S04V.005 (Module) U7F2S240.005 *DATE* | M3: Software version of display | N3: Software version (UAT2Y44O.012) of display updation *DATE* | O3: Filter clean *DATE* | P3: Filter Change *DATE* | Q3: Removal of metal shortlink from M9000 with wire | R3: Replacement of 10 amp fuse with 20amp | S3: Shifting of wires on O/P contactor | T3: External earth fault wire modification | U3: Shifting of wires of output voltage available lamp | V3: Sealing of cable entry of panel | W3: Sealing of main fan plate (On which DC-DC converter installed) | X3: Mounting of 110 volt DC fan on PWR | Y3: Air leakage status in duct at the back of the converter | Z3: FG block removal from bottom of input choke | AA3: Surge arrestor fitment | AB3: Input choke change (mention sr.no. of new choke_ | AC3: O/P choke change (mention sr.no. of new choke_ | AD3: Control fuse 6.5amp to 15amp (Glass fuse) | AE3: Display button | AF3: DC link bus bar supporter | AG3: Software version in Conv (200622) (Master) Y6U2N04V.006 (Module) Y6U2N240.005 *DATE* | AH3: New Software version (UAT2Y44O.012) of display updation *DATE* | AI3: Sine Filter Capacitor washer fitment and tightness of connection *DATE* | AJ3: ELR setting to check (1amp /10 sec) | AK3: Heat Sink Cleaning *Date* | AL3: I/P contactor SILICON washer | AM3: Steel mesh on cyclonic filter on loco wall
A4: 365 | B4: 37701 | C4: HLC-B | D4: STB7R1520 HLCD | E4: Kanpur | F4: NCR | G4: DEL | H4: 45390 | J4: Nashik | AM4: done
A5: 364 | B5: 37701 | C5: HLC-A | D5: STBNR1576HLCD | E5: Kanpur | F5: NCR | G5: DEL | H5: 45390 | J5: Nashik | AM5: done
A6: 363 | B6: 39241 | C6: HLC-B | D6: STB2R1402HLCD | E6: Kanpur | F6: NCR | G6: DEL | H6: 45026 | J6: Nashik | AM6: 14.09.2024
A7: 362 | B7: 39241 | C7: HLC-A | D7: STB2R1403HLCD | E7: Kanpur | F7: NCR | G7: DEL | H7: 45026 | J7: Nashik | AM7: 14.09.2024
A8: 361 | B8: 37622 | C8: HLC-B | D8: STB3R1414HLCD | E8: Kanpur | F8: NCR | G8: DEL | H8: 45219 | J8: Nashik | AM8: done
A9: 360 | B9: 37622 | C9: HLC-A | D9: STB3R1415HLCD | E9: Kanpur | F9: NCR | G9: DEL | H9: 45219 | J9: Nashik | AM9: done
A10: 359 | B10: 37621 | C10: HLC-B | D10: STB3R1418HLCD | E10: Kanpur | F10: NCR | G10: DEL | H10: 45218 | J10: Nashik | AM10: 07.09.2024
A11: 358 | B11: 37621 | C11: HLC-A | D11: STB3R1419HLCD | E11: Kanpur | F11: NCR | G11: DEL | H11: 45218 | J11: Nashik | AM11: 07.09.2024
A12: 357 | B12: 39217 | C12: HLC-B | D12: STB2P1229HLCD | E12: Kanpur | F12: NCR | G12: DEL | H12: 44921 | J12: Nashik | AM12: done
A13: 356 | B13: 39217 | C13: HLC-A | D13: STB2P1228HLCD | E13: Kanpur | F13: NCR | G13: DEL | H13: 44921 | J13: Nashik | AM13: done
A14: 299 | B14: 39213 | C14: HLC-2 | D14: STB2P1212HLCD | E14: Kanpur | F14: NCR | G14: DEL | H14: 44915 | J14: Nashik | O14: 45468 | Q14: Conv-B DONE | R14: Conv-B DONE | S14: Conv-B DONE | W14: Conv-B DONE | AD14: Conv-B DONE | AF14: Conv-B DONE | AG14: 45492 | AH14: Conv-B DONE | AI14: 45324 | AJ14: Conv-B DONE | AL14: New Loco | AM14: done
A15: 298 | B15: 39213 | C15: HLC-1 | D15: STB2P1213HLCD | E15: Kanpur | F15: NCR | G15: DEL | H15: 44915 | J15: Nashik | O15: 45468 | Q15: Conv-A DONE | R15: Conv-A DONE | S15: Conv-A DONE | W15: Conv-A DONE | AD15: Conv-A DONE | AF15: Conv-A DONE | AG15: 45492 | AH15: Conv-A DONE | AI15: 45323 | AJ15: Conv-A DONE | AL15: New Loco | AM15: done
A16: 215 | B16: 37134 | C16: HLC-B | D16: STB OK0 294 HLCD | E16: Kanpur | F16: NCR | G16: DEL | J16: Nashik | K16: U7D2S04V.005 | L16: 44827 | M16: UAT2Y440.012 | N16: Done by Nw | S16: Conv-B DONE | T16: Conv-B DONE | U16: Conv-B DONE | W16: Conv-B DONE | X16: Done by NW | AD16: Conv-B DONE | AG16: 45430 | AI16: 45126 | AJ16: 45126 | AK16: 45126 | AM16: done
A17: 214 | B17: 37134 | C17: HLC-A | D17: STB OK0 295 HLCD | E17: Kanpur | F17: NCR | G17: DEL | J17: Nashik | K17: U7D2S04V.005 | L17: 44827 | M17: UAT2Y440.012 | N17: Done by Nw | R17: Done by NW | S17: Conv-A DONE | T17: Conv-A DONE | U17: Conv-A DONE | W17: Conv-A DONE | X17: Done by NW | AD17: Conv-A DONE | AG17: 45430 | AI17: 45126 | AJ17: 45126 | AK17: 45126 | AM17: done
A18: 142 | B18: 39090 | C18: HLC-B | D18: STB4L0487 HLCD | E18: Kanpur | F18: NCR | G18: DEL | H18: 43710 | I18: 487 | J18: Nashik | K18: M-U7D2S04V.005, MO-U7F2S240.005 | L18: 44209 | M18: UAT2Y440.012 | N18: 44209 | O18: 44295 | U18: Conv-B DONE | W18: Conv-B DONE | AB18: Done | AF18: 45343 | AG18: 26.07.2024 | AI18: 45343 | AJ18: 45343 | AK18: 45343 | AM18: 10.09.2024
A19: 141 | B19: 39090 | C19: HLC-A | D19: STB5L0525 HLCD | E19: Kanpur | F19: NCR | G19: DEL | H19: 43710 | I19: 525 | J19: Nashik | K19: M-U7D2S04V.005, MO-U7F2S240.005 | L19: 44209 | M19: UAT2Y440.012 | N19: 44209 | O19: 44295 | Q19: Done by NW | U19: Conv-A DONE | W19: Conv-A DONE | AB19: Done | AF19: 45345 | AG19: 26.07.2024 | AI19: 45345 | AJ19: 45345 | AK19: 45345 | AM19: 10.09.2024
A20: 140 | B20: 39087 | C20: HLC-B | D20: STB4L0489 HLCD | E20: Kanpur | F20: NCR | G20: DEL | H20: 43697 | I20: 489 | J20: Nashik | K20: M-U7D2S04V.005, MO-U7F2S240.005 | L20: 44858 | M20: UAT2Y440.012 | N20: 44838 | R20: Conv-B DONE | T20: Conv-B DONE | U20: Conv-B DONE | W20: Conv-B DONE | AB20: EL21A01003 | AD20: Done | AE20: Conv-B done | AF20: 45325 | AG20: 45441 | AI20: 45335 | AJ20: 45335 | AK20: 45335 | AM20: 13.09.2024
A21: 139 | B21: 39087 | C21: HLC-A | D21: STB4L0482 HLCD | E21: Kanpur | F21: NCR | G21: DEL | H21: 43697 | I21: 482 | J21: Nashik | K21: M-U7D2S04V.005, MO-U7F2S240.005 | L21: 44858 | M21: UAT2Y440.012 | N21: 44838 | R21: Conv-A DONE | T21: Conv-A DONE | U21: Conv-A DONE | W21: Conv-A DONE | AB21: EL21A01005 | AD21: Done | AF21: 45294 | AG21: 45441 | AI21: 45294 | AJ21: 45294 | AK21: 45294 | AM21: 13.09.2024
A22: 138 | B22: 37512 | C22: HLC-B | D22: STB6M0835HLCD | E22: Kanpur | F22: NCR | G22: DEL | H22: 44195 | I22: 835 | J22: Nashik | K22: M-U7D2S04V.005, MO-U7F2S240.005 | L22: Done | M22: UAT2Y440.012 | N22: Done | O22: 44606 | Q22: Done by NW | R22: Done by NW | T22: Conv-B DONE | U22: Conv-B DONE | X22: Done by NW | AD22: Done | AF22: 45276 | AG22: 45466 | AI22: 45276 | AJ22: 45276 | AK22: 45466 | AM22: 30.09.2024
A23: 137 | B23: 37512 | C23: HLC-A | D23: STB8M0946HLCD | E23: Kanpur | F23: NCR | G23: DEL | H23: 44195 | I23: 946 | J23: Nashik | K23: M-U7D2S04V.005, MO-U7F2S240.005 | L23: Done by NW | M23: UAT2Y440.012 | N23: Done | O23: 44606 | Q23: Done by NW | R23: Done by NW | T23: Conv-A DONE | U23: Conv-A DONE | X23: Done by NW | AD23: Done | AF23: 45276 | AG23: 45466 | AI23: 45276 | AJ23: 45276 | AK23: 45465 | AM23: 30.09.2024
A24: 136 | B24: 37510 | C24: HLC-B | D24: STB8M0947 HLCD | E24: Kanpur | F24: NCR | G24: DEL | H24: 44192 | I24: 947 | J24: Nashik | K24: M-U7D2S04V.005, MO-U7F2S240.005 | L24: Done by NW | M24: UAT2Y440.012 | N24: Done | O24: 44597 | Q24: Done by NW | R24: Done by NW | T24: Conv-A DONE | U24: Conv-B DONE | X24: Done by NW | AD24: Done | AG24: 23.07.2024 | AK24: 22.07.2024 | AM24: 23.07.2024
A25: 135 | B25: 37510 | C25: HLC-A | D25: STB6M0842 HLCD | E25: Kanpur | F25: NCR | G25: DEL | H25: 44192 | I25: 842 | J25: Nashik | K25: M-U7D2S04V.005, MO-U7F2S240.005 | L25: Done | M25: UAT2Y440.012 | N25: Done | O25: 44597 | Q25: Done by NW | R25: Done by NW | U25: Conv-A DONE | X25: Done by NW | AD25: Done | AG25: 23.07.2024 | AK25: 22.07.2024 | AM25: 23.07.2024
A26: 134 | B26: 37468 | C26: HLC-B | D26: STB9M0973HLCD | E26: Kanpur | F26: NCR | G26: DEL | H26: 44134 | I26: 973 | J26: Nashik | K26: M-U7D2S04V.005, MO-U7F2S240.005 | L26: Done by NW | M26: UAT2Y440.012 | N26: 44146 | O26: 44621 | Q26: Done by NW | R26: Done by NW | T26: Conv-B DONE | U26: Conv-B DONE | X26: Done by NW | AD26: Done | AG26: 45427 | AM26: done
A27: 133 | B27: 37468 | C27: HLC-A | D27: STB9M0972HLCD | E27: Kanpur | F27: NCR | G27: DEL | H27: 44134 | I27: 972 | J27: Nashik | K27: M-U7D2S04V.005, MO-U7F2S240.005 | L27: Done by NW | M27: UAT2Y440.012 | N27: 44146 | O27: 44621 | Q27: Done by NW | R27: Done by NW | T27: Conv-A DONE | U27: Conv-A DONE | X27: Done by NW | AD27: Done | AG27: 45427 | AM27: done
A28: 132 | B28: 37458 | C28: HLC-B | D28: STB8M0932 | E28: Kanpur | F28: NCR | G28: DEL | H28: 44133 | I28: 932 | J28: Nashik | K28: M-U7D2S04V.005, MO-U7F2S240.005 | L28: Done by NW | Q28: Done by NW | R28: Done by NW | X28: Done by NW | AG28: 45491 | AJ28: 45401 | AK28: 45401 | AM28: 17.08.2024
A29: 131 | B29: 37458 | C29: HLC-A | D29: STB8M0933 | E29: Kanpur | F29: NCR | G29: DEL | H29: 44133 | I29: 933 | J29: Nashik | K29: M-U7D2S04V.005, MO-U7F2S240.005 | L29: Done by NW | Q29: Done by NW | R29: Done by NW | X29: Done by NW | AG29: 45491 | AJ29: 45401 | AK29: 45401 | AM29: 17.08.2024
A30: 130 | B30: 37440 | C30: HLC-B | D30: STB6M0840 | E30: Kanpur | F30: NCR | G30: DEL | H30: 44077 | I30: 840 | J30: Nashik | K30: M-U7D2S04V.005, MO-U7F2S240.005 | L30: 44834 | M30: UAT2Y440.012 | N30: 44834 | Q30: Done by NW | R30: Done by NW | T30: Conv-B DONE | U30: Conv-B DONE | X30: Done by NW | AD30: Conv-B DONE | AG30: 12.07.2024 | AK30: 15.07.2024 | AM30: 03.09.2024
A31: 129 | B31: 37440 | C31: HLC-A | D31: STB6M0847 | E31: Kanpur | F31: NCR | G31: DEL | H31: 44077 | I31: 847 | J31: Nashik | K31: M-U7D2S04V.005, MO-U7F2S240.005 | L31: 44834 | M31: UAT2Y440.012 | N31: 44834 | Q31: Done by NW | R31: Done by NW | T31: Conv-A DONE | U31: Conv-A DONE | X31: Done by NW | AD31: Conv-A DONE | AE31: Conv-A done | AG31: 12.07.2024 | AK31: 15.07.2024 | AM31: 03.09.2024
A32: 128 | B32: 37426 | C32: HLC-B | D32: STB5M0809 | E32: Kanpur | F32: NCR | G32: DEL | H32: 44062 | I32: 809 | J32: Nashik | Q32: Done by NW | R32: Done by NW | X32: Done by NW | AD32: Done | AF32: 45302 | AG32: 45468 | AI32: 45302 | AJ32: 45302 | AK32: 45468 | AM32: 23.07.2024
A33: 127 | B33: 37426 | C33: HLC-A | D33: STB5M0808 | E33: Kanpur | F33: NCR | G33: DEL | H33: 44062 | I33: 808 | J33: Nashik | Q33: Done by NW | R33: Done by NW | X33: Done by NW | AD33: Done | AF33: 45302 | AG33: 45468 | AI33: 45302 | AJ33: 45302 | AK33: 45468 | AM33: 23.07.2024
A34: 126 | B34: 37381 | C34: HLC-B | D34: STBDL0758 | E34: Kanpur | F34: NCR | G34: DEL | H34: 44012 | I34: 758 | J34: Nashik | K34: M-U7D2S04V.005, MO-U7F2S240.005 | L34: 44152 | M34: UAT2Y440.012 | N34: 44152 | O34: 44276 | Q34: Done by NW | R34: Done by NW | S34: Conv-B DONE | T34: Conv-B DONE | U34: Conv-B DONE | AB34: EL20L01014 | AD34: Done | AF34: 373997 | AG34: 45483 | AI34: 373997 | AJ34: 373997 | AK34: 13.07.2024 | AM34: 45483
A35: 125 | B35: 37381 | C35: HLC-A | D35: STB7N0710 | E35: Kanpur | F35: NCR | G35: DEL | H35: 44012 | I35: 710 | J35: Nashik | K35: M-U7D2S04V.005, MO-U7F2S240.005 | L35: 44152 | M35: UAT2Y440.012 | N35: 44152 | O35: 44276 | Q35: Done by NW | R35: Done by NW | S35: Conv-A DONE | T35: Conv-A DONE | U35: Conv-A DONE | AD35: Done | AF35: 373997 | AG35: 45483 | AI35: 373997 | AJ35: 373997 | AK35: 13.07.2024 | AM35: 45483
A36: 124 | B36: 37380 | C36: HLC-B | D36: STBDL0753 HLCD | E36: Kanpur | F36: NCR | G36: DEL | H36: 44012 | I36: 753 | J36: Nashik | K36: M-U7D2S04V.005, MO-U7F2S240.007 | M36: UAT2Y440.012 | Q36: Done by NW | R36: Done by NW | T36: Conv-B DONE | U36: Conv-B DONE | W36: Conv-B DONE | AD36: Done | AG36: 26.07.2024 | AK36: 26.07.2024 | AM36: 26.07.2024
A37: 123 | B37: 37380 | C37: HLC-A | D37: STB7L0594 HLCD | E37: Kanpur | F37: NCR | G37: DEL | H37: 44012 | I37: 594 | J37: Nashik | K37: M-U7D2S04V.005, MO-U7F2S240.006 | M37: UAT2Y440.012 | Q37: Done by NW | R37: Done by NW | T37: Conv-A DONE | U37: Conv-A DONE | W37: Conv-A DONE | AD37: Done | AE37: 44854 | AF37: 45360 | AG37: 26.07.2024 | AK37: 26.07.2024 | AM37: 26.07.2024
A38: 120 | B38: 37221 | C38: HLC-B | D38: STB5L0517 HLCD | E38: Kanpur | F38: NCR | G38: DEL | H38: 43677 | I38: 517 | J38: Nashik | K38: M-U7D2S04V.005, MO-U7F2S240.005 | L38: 44839 | M38: U9S2Y440.011 | N38: 44839 | O38: 44839 | P38: 44898 | Q38: Done by NW | R38: Conv-B DONE | T38: Conv-B DONE | U38: Conv-B DONE | AB38: EL20L05004 | AD38: Conv-B DONE | AF38: 45374 | AG38: 17.07.2024 | AI38: 45374 | AJ38: 45374 | AK38: 45374 | AM38: done
A39: 119 | B39: 37221 | C39: HLC-A | D39: STB5L0516 HLCD | E39: Kanpur | F39: NCR | G39: DEL | H39: 43677 | I39: 516 | J39: Nashik | K39: M-U7D2S04V.005, MO-U7F2S240.005 | L39: 44839 | M39: U9S2Y440.011 | N39: 44839 | O39: 44839 | P39: 44898 | Q39: Done by NW | R39: Conv-A DONE | T39: Conv-A DONE | U39: Conv-A DONE | AB39: EL20L05007 | AD39: Conv-A DONE | AE39: Conv-A done | AG39: 17.07.2024 | AK39: 16.06.2023 | AM39: done
A40: 118 | B40: 37220 | C40: HLC-B | D40: STB5L0504 HLCD | E40: Kanpur | F40: NCR | G40: DEL | H40: 43676 | I40: 504 | J40: Nashik | K40: M-U7D2S04V.005, MO-U7F2S240.005 | L40: Done | M40: UAT2Y440.012 | N40: Done | R40: Conv-B DONE | U40: Conv-B DONE | AB40: EL18B07023 | AD40: Done | AF40: 45093 | AG40: 45477 | AI40: 45093 | AJ40: 45093 | AK40: 45093 | AM40: 14.10.2024
A41: 117 | B41: 37220 | C41: HLC-A | D41: STB5L0505 HLCD | E41: Kanpur | F41: NCR | G41: DEL | H41: 43676 | I41: 505 | J41: Nashik | K41: M-U7D2S04V.005, MO-U7F2S240.005 | L41: Done | M41: UAT2Y440.012 | N41: Done | Q41: Done by NW | R41: Conv-A DONE | U41: Conv-A DONE | AB41: EL18K02020 | AD41: Done | AF41: 45093 | AG41: 45477 | AI41: 45093 | AJ41: 45093 | AK41: 45093 | AM41: 14.10.2024
A42: 116 | B42: 37196 | C42: HLC-B | D42: STB4L0477 HLCD | E42: Kanpur | F42: NCR | G42: DEL | H42: 43635 | I42: 477 | J42: Nashik | K42: M-U7D2S04V.005, MO-U7F2S240.005 | L42: 44209 | M42: UAT2Y440.012 | N42: 44653 | R42: Conv-B DONE | S42: Conv-B DONE | T42: Conv-B DONE | U42: Conv-B DONE | W42: Conv-B DONE | AD42: Done | AF42: 45275 | AG42: 45479 | AI42: 45275 | AJ42: 45275 | AK42: 45479 | AM42: 45479
A43: 115 | B43: 37196 | C43: HLC-A | D43: STB4L0476 HLCD | E43: Kanpur | F43: NCR | G43: DEL | H43: 43635 | I43: 476 | J43: Nashik | K43: M-U7D2S04V.005, MO-U7F2S240.005 | L43: 44209 | M43: UAT2Y440.012 | N43: 44209 | O43: 44306 | R43: Conv-A DONE | T43: Conv-A DONE | U43: Conv-A DONE | W43: Conv-A DONE | AD43: Done | AF43: 45275 | AG43: 45479 | AI43: 45275 | AJ43: 45275 | AK43: 45479 | AM43: 45479
A44: 114 | B44: 37177 | C44: HLC-B | D44: STB4L0458 HLCD | E44: Kanpur | F44: NCR | G44: DEL | H44: 43605 | I44: 458 | J44: Nashik | K44: M-U7D2S04V.005, MO-U7F2S240.005 | L44: 44139 | M44: UAT2Y440.012 | N44: 44139 | R44: Conv-B DONE | U44: Conv-B DONE | AB44: 44798 | AF44: 45304 | AG44: 11.08.2024 | AI44: 45304 | AJ44: 45304 | AK44: 10.08.2024 | AM44: done
A45: 113 | B45: 37177 | C45: HLC-A | D45: STB4L0459 HLCD | E45: Kanpur | F45: NCR | G45: DEL | H45: 43605 | I45: 459 | J45: Nashik | K45: M-U7D2S04V.005, MO-U7F2S240.005 | L45: 44139 | M45: UAT2Y440.012 | N45: 44139 | R45: Conv-A DONE | U45: Conv-A DONE | AF45: 45304 | AG45: 11.08.2024 | AI45: 45304 | AJ45: 45304 | AK45: 10.08.2024 | AM45: done
A46: 112 | B46: 37174 | C46: HLC-B | D46: STB2L0428 HLCD | E46: Kanpur | F46: NCR | G46: DEL | H46: 43603 | I46: 428 | J46: Nashik | K46: M-U7D2S04V.005, MO-U7F2S240.005 | L46: 44144 | M46: UAT2Y440.012 | N46: 44144 | O46: 44607 | R46: Conv-B DONE | S46: Conv-B DONE | U46: Conv-B DONE | AD46: Done | AF46: 45280 | AG46: 45482 | AI46: 45280 | AJ46: 45280 | AK46: 45482 | AM46: 45482
A47: 111 | B47: 37174 | C47: HLC-A | D47: STB2L0434 HLCD | E47: Kanpur | F47: NCR | G47: DEL | H47: 43603 | I47: 434 | J47: Nashik | K47: M-U7D2S04V.005, MO-U7F2S240.005 | L47: 44144 | M47: UAT2Y440.012 | N47: 44144 | O47: 44607 | R47: Conv-A DONE | U47: Conv-A DONE | X47: Conv-A DONE | AD47: Done | AF47: 45280 | AG47: 45482 | AI47: 45280 | AJ47: 45280 | AK47: 45481 | AM47: 45482
A48: 110 | B48: 37146 | C48: HLC-B | D48: STBNK0338 HLCD | E48: Kanpur | F48: NCR | G48: DEL | H48: 43573 | I48: 338 | J48: Nashik | K48: M-U7D2S04V.005, MO-U7F2S240.005 | L48: 44150 | M48: UAT2Y440.012 | N48: 44150 | O48: 44652 | R48: Conv-B DONE | S48: Conv-B DONE | U48: Conv-B DONE | W48: Conv-B DONE | X48: Conv-B DONE | AB48: EL19B01014 | AD48: Done | AF48: 45308 | AG48: 45461 | AJ48: 45308 | AK48: 09.08.2024 | AM48: 09.08.2024
A49: 109 | B49: 37146 | C49: HLC-A | D49: STBDK0364 HLCD | E49: Kanpur | F49: NCR | G49: DEL | H49: 43573 | I49: 364 | J49: Nashik | K49: M-U7D2S04V.005, MO-U7F2S240.005 | L49: 44150 | M49: UAT2Y440.012 | N49: 44150 | O49: 44652 | R49: Conv-A DONE | S49: Conv-A DONE | U49: Conv-A DONE | W49: Conv-A DONE | X49: Conv-A DONE | AB49: EL18G03041 | AD49: Done | AF49: 45308 | AG49: 45461 | AJ49: 45308 | AK49: 09.08.2024 | AM49: 09.08.2024
A50: 108 | B50: 37141 | C50: HLC-B | D50: STBNK0335 HLCD | E50: Kanpur | F50: NCR | G50: DEL | H50: 43570 | I50: 335 | J50: Nashik | K50: M-U7D2S04V.005, MO-U7F2S240.005 | L50: 44651 | M50: UAT2Y440.012 | O50: 44651 | R50: Conv-B DONE | T50: Conv-B DONE | U50: Conv-B DONE | W50: Conv-B DONE | X50: Conv-B DONE | AB50: EL20L01020 | AD50: Done | AF50: 45093 | AG50: 30.07.2024 | AJ50: 45330 | AK50: 45329 | AM50: 07.09.2024
A51: 107 | B51: 37141 | C51: HLC-A | D51: STBDK0366 HLCD | E51: Kanpur | F51: NCR | G51: DEL | H51: 43570 | I51: 366 | J51: Nashik | K51: M-U7D2S04V.005, MO-U7F2S240.005 | L51: 44651 | M51: UAT2Y440.012 | O51: 44651 | R51: Conv-A DONE | T51: Conv-A DONE | U51: Conv-A DONE | W51: Conv-A DONE | AB51: EL20K03019 | AD51: Done | AF51: 45093 | AG51: 30.07.2024 | AJ51: 45329 | AK51: 45329 | AM51: 07.09.2024
A52: 106 | B52: 37137 | C52: HLC-B | D52: STB1L0405 HLCD | E52: Kanpur | F52: NCR | G52: DEL | H52: 43553 | I52: 405 | J52: Nashik | K52: M-U7D2S04V.005, MO-U7F2S240.005 | L52: Done | M52: UAT2Y440.012 | N52: Done | O52: 44676 | P52: 44910 | R52: Conv-A DONE | U52: Conv-B DONE | W52: Conv-B DONE | AD52: Done | AF52: 45274 | AG52: 45461 | AI52: 45166 | AJ52: 45166 | AK52: 45166 | AM52: 45461
A53: 105 | B53: 37137 | C53: HLC-A | D53: STB1L0404 HLCD | E53: Kanpur | F53: NCR | G53: DEL | H53: 43553 | I53: 404 | J53: Nashik | K53: M-U7D2S04V.005, MO-U7F2S240.005 | L53: Done | M53: UAT2Y440.012 | N53: Done | O53: 44676 | P53: 44910 | R53: Conv-A DONE | U53: Conv-A DONE | W53: Conv-A DONE | AD53: Done | AF53: 45274 | AG53: 45461 | AI53: 45166 | AJ53: 45166 | AK53: 45166 | AM53: 45461
A54: 104 | B54: 37132 | C54: HLC-B | D54: STBOK0314 HLCD | E54: Kanpur | F54: NCR | G54: DEL | H54: 43552 | I54: 314 | J54: Nashik | K54: M-U7D2S04V.005, MO-U7F2S240.005 | L54: Done | M54: UAT2Y440.012 | N54: Done | O54: 44853 | R54: Conv-B DONE | T54: Conv-B DONE | U54: Conv-B DONE | V54: Conv-B DONE | W54: Conv-B DONE | AD54: Conv-B DONE | AE54: Conv-B done | AF54: 45163 | AG54: 45466 | AI54: 45163 | AJ54: 45163 | AK54: 45163 | AM54: 45464
A55: 103 | B55: 37132 | C55: HLC-A | D55: STBNK0337 HLCD | E55: Kanpur | F55: NCR | G55: DEL | H55: 43552 | I55: 337 | J55: Nashik | K55: M-U7D2S04V.005, MO-U7F2S240.005 | L55: Done | M55: UAT2Y440.012 | N55: Done | O55: 44853 | R55: Conv-A DONE | T55: Conv-A DONE | U55: Conv-A DONE | V55: Conv-A DONE | W55: Conv-A DONE | AB55: EL19K01157 | AD55: Conv-A DONE | AF55: 45163 | AG55: 45466 | AI55: 45163 | AJ55: 45163 | AK55: 45163 | AM55: 45464
A56: 102 | B56: 37130 | C56: HLC-B | D56: STB2L0417 HLCD | E56: Kanpur | F56: NCR | G56: DEL | H56: 43552 | I56: 417 | J56: Nashik | K56: M-U7D2S04V.005, MO-U7F2S240.005 | L56: Done | M56: UAT2Y440.012 | N56: 44469 | O56: 44833 | R56: Conv-B DONE | U56: Conv-B DONE | AD56: Done | AE56: 44833 | AF56: 45232 | AG56: 45447 | AI56: 45232 | AJ56: 45232 | AK56: 45232 | AM56: 10.09.2024
A57: 101 | B57: 37130 | C57: HLC-A | D57: STB2L0416 HLCD | E57: Kanpur | F57: NCR | G57: DEL | H57: 43552 | I57: 416 | J57: Nashik | K57: M-U7D2S04V.005, MO-U7F2S240.005 | L57: Done | M57: U9S2Y440.011 | N57: 44833 | O57: 44833 | R57: Conv-A DONE | U57: Conv-A DONE | W57: Conv-A DONE | AD57: Done | AF57: 45231 | AG57: 45447 | AI57: 45231 | AJ57: 45231 | AK57: 45231 | AM57: 10.09.2024
A58: 100 | B58: 37129 | C58: HLC-B | D58: STB1L0384 HLCD | E58: Kanpur | F58: NCR | G58: DEL | H58: 43551 | I58: 384 | J58: Nashik | K58: M-U7D2S04V.005, MO-U7F2S240.005 | L58: Done | M58: U9S2Y440.011 | R58: Conv-B DONE | S58: Conv-B DONE | U58: Conv-B DONE | W58: Conv-B DONE | AB58: EL18B07 031-R | AD58: Done | AF58: 45118 | AG58: 45432 | AI58: 45118 | AJ58: 45118 | AK58: 45484 | AM58: done
A59: 99 | B59: 37129 | C59: HLC-A | D59: STB1L0385 HLCD | E59: Kanpur | F59: NCR | G59: DEL | H59: 43551 | I59: 385 | J59: Nashik | K59: M-U7D2S04V.005, MO-U7F2S240.005 | L59: Done | M59: U9S2Y440.011 | R59: Conv-A DONE | S59: Conv-A DONE | U59: Conv-A DONE | AB59: 44219 | AD59: Done | AF59: 45118 | AG59: 45432 | AI59: 45118 | AJ59: 45118 | AK59: 45484 | AM59: done
A60: 98 | B60: 37125 | C60: HLC-B | D60: STBDK0354 HLCD | E60: Kanpur | F60: NCR | G60: DEL | H60: 43549 | I60: 354 | J60: Nashik | K60: M-U7D2S04V.005, MO-U7F2S240.005 | L60: Done | M60: UAT2Y440.012 | N60: Done | O60: 44813 | R60: Conv-A DONE | U60: Conv-B DONE | W60: Conv-B DONE | AB60: EL20H01007 | AD60: Done | AF60: 45111 | AG60: 45471 | AI60: 45111 | AJ60: 45111 | AK60: 45111 | AM60: 06.08.2024
A61: 97 | B61: 37125 | C61: HLC-A | D61: STBNK0340 HLCD | E61: Kanpur | F61: NCR | G61: DEL | H61: 43549 | I61: 340 | J61: Nashik | K61: M-U7D2S04V.005, MO-U7F2S240.005 | L61: 44137 | M61: UAT2Y440.012 | N61: 44137 | O61: 44813 | R61: Conv-A DONE | S61: Conv-A DONE | T61: Conv-A DONE | U61: Conv-A DONE | W61: Conv-A DONE | AD61: Done | AF61: 45111 | AG61: 45471 | AI61: 45111 | AJ61: 45111 | AK61: 45111 | AM61: 06.08.2024
